crawled_at,property_name,property_id,competitor_name,channel,course_name,holes,play_date,day_of_week,time_of_day,green_fee_krw,green_fee_usd,cart_included,caddy_included,url,error,is_own
2026-05-24 22:03:01,소노펠리체CC 하이퐁,golf_haiphong,자사,몽키트래블,소노펠리체CC 하이퐁,18,2026-05-25,주말,오전,181719,119.85,True,True,https://www.monkeytravel.com/gu/ko/golf/guam-golf/product/product_detail.php?product_id=1076765242,,True
2026-05-24 22:03:01,소노펠리체CC 하이퐁,golf_haiphong,자사,몽키트래블,소노펠리체CC 하이퐁,18,2026-05-25,주말,오후,181719,119.85,True,True,https://www.monkeytravel.com/gu/ko/golf/guam-golf/product/product_detail.php?product_id=1076765242,,True
2026-05-24 22:03:02,소노펠리체CC 하이퐁,golf_haiphong,자사,몽키트래블,소노펠리체CC 하이퐁,18,2026-05-26,주중,오전,150388,99.19,True,True,https://www.monkeytravel.com/gu/ko/golf/guam-golf/product/product_detail.php?product_id=1076765242,,True
2026-05-24 22:03:02,소노펠리체CC 하이퐁,golf_haiphong,자사,몽키트래블,소노펠리체CC 하이퐁,18,2026-05-26,주중,오후,150388,99.19,True,True,https://www.monkeytravel.com/gu/ko/golf/guam-golf/product/product_detail.php?product_id=1076765242,,True
2026-05-24 22:03:04,소노펠리체CC 하이퐁,golf_haiphong,자사,몽키트래블,소노펠리체CC 하이퐁,18,2026-05-27,주중,오전,150388,99.19,True,True,https://www.monkeytravel.com/gu/ko/golf/guam-golf/product/product_detail.php?product_id=1076765242,,True
2026-05-24 22:03:04,소노펠리체CC 하이퐁,golf_haiphong,자사,몽키트래블,소노펠리체CC 하이퐁,18,2026-05-27,주중,오후,150388,99.19,True,True,https://www.monkeytravel.com/gu/ko/golf/guam-golf/product/product_detail.php?product_id=1076765242,,True
2026-05-24 22:03:07,소노펠리체CC 하이퐁,golf_haiphong,자사,몽키트래블,소노펠리체CC 하이퐁,18,2026-05-28,주중,오전,150388,99.19,True,True,https://www.monkeytravel.com/gu/ko/golf/guam-golf/product/product_detail.php?product_id=1076765242,,True
2026-05-24 22:03:07,소노펠리체CC 하이퐁,golf_haiphong,자사,몽키트래블,소노펠리체CC 하이퐁,18,2026-05-28,주중,오후,150388,99.19,True,True,https://www.monkeytravel.com/gu/ko/golf/guam-golf/product/product_detail.php?product_id=1076765242,,True
2026-05-24 22:03:09,소노펠리체CC 하이퐁,golf_haiphong,자사,몽키트래블,소노펠리체CC 하이퐁,18,2026-05-29,주중,오전,150388,99.19,True,True,https://www.monkeytravel.com/gu/ko/golf/guam-golf/product/product_detail.php?product_id=1076765242,,True
2026-05-24 22:03:09,소노펠리체CC 하이퐁,golf_haiphong,자사,몽키트래블,소노펠리체CC 하이퐁,18,2026-05-29,주중,오후,150388,99.19,True,True,https://www.monkeytravel.com/gu/ko/golf/guam-golf/product/product_detail.php?product_id=1076765242,,True
2026-05-24 22:03:11,소노펠리체CC 하이퐁,golf_haiphong,자사,몽키트래블,소노펠리체CC 하이퐁,18,2026-05-30,주말,오전,181719,119.85,True,True,https://www.monkeytravel.com/gu/ko/golf/guam-golf/product/product_detail.php?product_id=1076765242,,True
2026-05-24 22:03:11,소노펠리체CC 하이퐁,golf_haiphong,자사,몽키트래블,소노펠리체CC 하이퐁,18,2026-05-30,주말,오후,181719,119.85,True,True,https://www.monkeytravel.com/gu/ko/golf/guam-golf/product/product_detail.php?product_id=1076765242,,True
2026-05-24 22:03:13,소노펠리체CC 하이퐁,golf_haiphong,자사,몽키트래블,소노펠리체CC 하이퐁,18,2026-05-31,주말,오전,181719,119.85,True,True,https://www.monkeytravel.com/gu/ko/golf/guam-golf/product/product_detail.php?product_id=1076765242,,True
2026-05-24 22:03:13,소노펠리체CC 하이퐁,golf_haiphong,자사,몽키트래블,소노펠리체CC 하이퐁,18,2026-05-31,주말,오후,181719,119.85,True,True,https://www.monkeytravel.com/gu/ko/golf/guam-golf/product/product_detail.php?product_id=1076765242,,True
2026-05-24 22:03:15,소노펠리체CC 하이퐁,golf_haiphong,자사,몽키트래블,소노펠리체CC 하이퐁,18,2026-06-01,주중,오전,150388,99.19,True,True,https://www.monkeytravel.com/gu/ko/golf/guam-golf/product/product_detail.php?product_id=1076765242,,True
2026-05-24 22:03:15,소노펠리체CC 하이퐁,golf_haiphong,자사,몽키트래블,소노펠리체CC 하이퐁,18,2026-06-01,주중,오후,150388,99.19,True,True,https://www.monkeytravel.com/gu/ko/golf/guam-golf/product/product_detail.php?product_id=1076765242,,True
2026-05-24 22:03:17,소노펠리체CC 하이퐁,golf_haiphong,자사,몽키트래블,소노펠리체CC 하이퐁,18,2026-06-02,주중,오전,150388,99.19,True,True,https://www.monkeytravel.com/gu/ko/golf/guam-golf/product/product_detail.php?product_id=1076765242,,True
2026-05-24 22:03:17,소노펠리체CC 하이퐁,golf_haiphong,자사,몽키트래블,소노펠리체CC 하이퐁,18,2026-06-02,주중,오후,150388,99.19,True,True,https://www.monkeytravel.com/gu/ko/golf/guam-golf/product/product_detail.php?product_id=1076765242,,True
2026-05-24 22:03:19,소노펠리체CC 하이퐁,golf_haiphong,자사,몽키트래블,소노펠리체CC 하이퐁,18,2026-06-03,주말,오전,181719,119.85,True,True,https://www.monkeytravel.com/gu/ko/golf/guam-golf/product/product_detail.php?product_id=1076765242,,True
2026-05-24 22:03:19,소노펠리체CC 하이퐁,golf_haiphong,자사,몽키트래블,소노펠리체CC 하이퐁,18,2026-06-03,주말,오후,181719,119.85,True,True,https://www.monkeytravel.com/gu/ko/golf/guam-golf/product/product_detail.php?product_id=1076765242,,True
2026-05-24 22:03:21,소노펠리체CC 하이퐁,golf_haiphong,자사,몽키트래블,소노펠리체CC 하이퐁,18,2026-06-04,주중,오전,150388,99.19,True,True,https://www.monkeytravel.com/gu/ko/golf/guam-golf/product/product_detail.php?product_id=1076765242,,True
2026-05-24 22:03:21,소노펠리체CC 하이퐁,golf_haiphong,자사,몽키트래블,소노펠리체CC 하이퐁,18,2026-06-04,주중,오후,150388,99.19,True,True,https://www.monkeytravel.com/gu/ko/golf/guam-golf/product/product_detail.php?product_id=1076765242,,True
2026-05-24 22:03:23,소노펠리체CC 하이퐁,golf_haiphong,자사,몽키트래블,소노펠리체CC 하이퐁,18,2026-06-05,주중,오전,150388,99.19,True,True,https://www.monkeytravel.com/gu/ko/golf/guam-golf/product/product_detail.php?product_id=1076765242,,True
2026-05-24 22:03:23,소노펠리체CC 하이퐁,golf_haiphong,자사,몽키트래블,소노펠리체CC 하이퐁,18,2026-06-05,주중,오후,150388,99.19,True,True,https://www.monkeytravel.com/gu/ko/golf/guam-golf/product/product_detail.php?product_id=1076765242,,True
2026-05-24 22:03:25,소노펠리체CC 하이퐁,golf_haiphong,자사,몽키트래블,소노펠리체CC 하이퐁,18,2026-06-06,주말,오전,181719,119.85,True,True,https://www.monkeytravel.com/gu/ko/golf/guam-golf/product/product_detail.php?product_id=1076765242,,True
2026-05-24 22:03:25,소노펠리체CC 하이퐁,golf_haiphong,자사,몽키트래블,소노펠리체CC 하이퐁,18,2026-06-06,주말,오후,181719,119.85,True,True,https://www.monkeytravel.com/gu/ko/golf/guam-golf/product/product_detail.php?product_id=1076765242,,True
2026-05-24 22:03:27,소노펠리체CC 하이퐁,golf_haiphong,자사,몽키트래블,소노펠리체CC 하이퐁,18,2026-06-07,주말,오전,181719,119.85,True,True,https://www.monkeytravel.com/gu/ko/golf/guam-golf/product/product_detail.php?product_id=1076765242,,True
2026-05-24 22:03:27,소노펠리체CC 하이퐁,golf_haiphong,자사,몽키트래블,소노펠리체CC 하이퐁,18,2026-06-07,주말,오후,181719,119.85,True,True,https://www.monkeytravel.com/gu/ko/golf/guam-golf/product/product_detail.php?product_id=1076765242,,True
2026-05-24 22:03:29,소노펠리체CC 하이퐁,golf_haiphong,드래곤 골프 링크스,몽키트래블,드래곤 골프 링크스,18,2026-05-25,주중,오전,90859,59.93,True,True,https://www.monkeytravel.com/gu/ko/golf/guam-golf/product/product_detail.php?product_id=1076866782,,False
2026-05-24 22:03:29,소노펠리체CC 하이퐁,golf_haiphong,드래곤 골프 링크스,몽키트래블,드래곤 골프 링크스,18,2026-05-25,주중,오후,122190,80.59,True,True,https://www.monkeytravel.com/gu/ko/golf/guam-golf/product/product_detail.php?product_id=1076866782,,False
2026-05-24 22:03:31,소노펠리체CC 하이퐁,golf_haiphong,드래곤 골프 링크스,몽키트래블,드래곤 골프 링크스,18,2026-05-26,주중,오전,90859,59.93,True,True,https://www.monkeytravel.com/gu/ko/golf/guam-golf/product/product_detail.php?product_id=1076866782,,False
2026-05-24 22:03:31,소노펠리체CC 하이퐁,golf_haiphong,드래곤 골프 링크스,몽키트래블,드래곤 골프 링크스,18,2026-05-26,주중,오후,122190,80.59,True,True,https://www.monkeytravel.com/gu/ko/golf/guam-golf/product/product_detail.php?product_id=1076866782,,False
2026-05-24 22:03:33,소노펠리체CC 하이퐁,golf_haiphong,드래곤 골프 링크스,몽키트래블,드래곤 골프 링크스,18,2026-05-27,주중,오전,90859,59.93,True,True,https://www.monkeytravel.com/gu/ko/golf/guam-golf/product/product_detail.php?product_id=1076866782,,False
2026-05-24 22:03:33,소노펠리체CC 하이퐁,golf_haiphong,드래곤 골프 링크스,몽키트래블,드래곤 골프 링크스,18,2026-05-27,주중,오후,122190,80.59,True,True,https://www.monkeytravel.com/gu/ko/golf/guam-golf/product/product_detail.php?product_id=1076866782,,False
2026-05-24 22:03:36,소노펠리체CC 하이퐁,golf_haiphong,드래곤 골프 링크스,몽키트래블,드래곤 골프 링크스,18,2026-05-28,주중,오전,90859,59.93,True,True,https://www.monkeytravel.com/gu/ko/golf/guam-golf/product/product_detail.php?product_id=1076866782,,False
2026-05-24 22:03:36,소노펠리체CC 하이퐁,golf_haiphong,드래곤 골프 링크스,몽키트래블,드래곤 골프 링크스,18,2026-05-28,주중,오후,122190,80.59,True,True,https://www.monkeytravel.com/gu/ko/golf/guam-golf/product/product_detail.php?product_id=1076866782,,False
2026-05-24 22:03:38,소노펠리체CC 하이퐁,golf_haiphong,드래곤 골프 링크스,몽키트래블,드래곤 골프 링크스,18,2026-05-29,주중,오전,90859,59.93,True,True,https://www.monkeytravel.com/gu/ko/golf/guam-golf/product/product_detail.php?product_id=1076866782,,False
2026-05-24 22:03:38,소노펠리체CC 하이퐁,golf_haiphong,드래곤 골프 링크스,몽키트래블,드래곤 골프 링크스,18,2026-05-29,주중,오후,122190,80.59,True,True,https://www.monkeytravel.com/gu/ko/golf/guam-golf/product/product_detail.php?product_id=1076866782,,False
2026-05-24 22:03:40,소노펠리체CC 하이퐁,golf_haiphong,드래곤 골프 링크스,몽키트래블,드래곤 골프 링크스,18,2026-05-30,주말,오전,166054,109.52,True,True,https://www.monkeytravel.com/gu/ko/golf/guam-golf/product/product_detail.php?product_id=1076866782,,False
2026-05-24 22:03:40,소노펠리체CC 하이퐁,golf_haiphong,드래곤 골프 링크스,몽키트래블,드래곤 골프 링크스,18,2026-05-30,주말,오후,166054,109.52,True,True,https://www.monkeytravel.com/gu/ko/golf/guam-golf/product/product_detail.php?product_id=1076866782,,False
2026-05-24 22:03:42,소노펠리체CC 하이퐁,golf_haiphong,드래곤 골프 링크스,몽키트래블,드래곤 골프 링크스,18,2026-05-31,주말,오전,166054,109.52,True,True,https://www.monkeytravel.com/gu/ko/golf/guam-golf/product/product_detail.php?product_id=1076866782,,False
2026-05-24 22:03:42,소노펠리체CC 하이퐁,golf_haiphong,드래곤 골프 링크스,몽키트래블,드래곤 골프 링크스,18,2026-05-31,주말,오후,166054,109.52,True,True,https://www.monkeytravel.com/gu/ko/golf/guam-golf/product/product_detail.php?product_id=1076866782,,False
2026-05-24 22:03:44,소노펠리체CC 하이퐁,golf_haiphong,드래곤 골프 링크스,몽키트래블,드래곤 골프 링크스,18,2026-06-01,주중,오전,122190,80.59,True,True,https://www.monkeytravel.com/gu/ko/golf/guam-golf/product/product_detail.php?product_id=1076866782,,False
2026-05-24 22:03:44,소노펠리체CC 하이퐁,golf_haiphong,드래곤 골프 링크스,몽키트래블,드래곤 골프 링크스,18,2026-06-01,주중,오후,122190,80.59,True,True,https://www.monkeytravel.com/gu/ko/golf/guam-golf/product/product_detail.php?product_id=1076866782,,False
2026-05-24 22:03:46,소노펠리체CC 하이퐁,golf_haiphong,드래곤 골프 링크스,몽키트래블,드래곤 골프 링크스,18,2026-06-02,주중,오전,122190,80.59,True,True,https://www.monkeytravel.com/gu/ko/golf/guam-golf/product/product_detail.php?product_id=1076866782,,False
2026-05-24 22:03:46,소노펠리체CC 하이퐁,golf_haiphong,드래곤 골프 링크스,몽키트래블,드래곤 골프 링크스,18,2026-06-02,주중,오후,122190,80.59,True,True,https://www.monkeytravel.com/gu/ko/golf/guam-golf/product/product_detail.php?product_id=1076866782,,False
2026-05-24 22:03:48,소노펠리체CC 하이퐁,golf_haiphong,드래곤 골프 링크스,몽키트래블,드래곤 골프 링크스,18,2026-06-03,주중,오전,122190,80.59,True,True,https://www.monkeytravel.com/gu/ko/golf/guam-golf/product/product_detail.php?product_id=1076866782,,False
2026-05-24 22:03:48,소노펠리체CC 하이퐁,golf_haiphong,드래곤 골프 링크스,몽키트래블,드래곤 골프 링크스,18,2026-06-03,주중,오후,122190,80.59,True,True,https://www.monkeytravel.com/gu/ko/golf/guam-golf/product/product_detail.php?product_id=1076866782,,False
2026-05-24 22:03:50,소노펠리체CC 하이퐁,golf_haiphong,드래곤 골프 링크스,몽키트래블,드래곤 골프 링크스,18,2026-06-04,주중,오전,122190,80.59,True,True,https://www.monkeytravel.com/gu/ko/golf/guam-golf/product/product_detail.php?product_id=1076866782,,False
2026-05-24 22:03:50,소노펠리체CC 하이퐁,golf_haiphong,드래곤 골프 링크스,몽키트래블,드래곤 골프 링크스,18,2026-06-04,주중,오후,122190,80.59,True,True,https://www.monkeytravel.com/gu/ko/golf/guam-golf/product/product_detail.php?product_id=1076866782,,False
2026-05-24 22:03:53,소노펠리체CC 하이퐁,golf_haiphong,드래곤 골프 링크스,몽키트래블,드래곤 골프 링크스,18,2026-06-05,주중,오전,122190,80.59,True,True,https://www.monkeytravel.com/gu/ko/golf/guam-golf/product/product_detail.php?product_id=1076866782,,False
2026-05-24 22:03:53,소노펠리체CC 하이퐁,golf_haiphong,드래곤 골프 링크스,몽키트래블,드래곤 골프 링크스,18,2026-06-05,주중,오후,122190,80.59,True,True,https://www.monkeytravel.com/gu/ko/golf/guam-golf/product/product_detail.php?product_id=1076866782,,False
2026-05-24 22:03:55,소노펠리체CC 하이퐁,golf_haiphong,드래곤 골프 링크스,몽키트래블,드래곤 골프 링크스,18,2026-06-06,주말,오전,166054,109.52,True,True,https://www.monkeytravel.com/gu/ko/golf/guam-golf/product/product_detail.php?product_id=1076866782,,False
2026-05-24 22:03:55,소노펠리체CC 하이퐁,golf_haiphong,드래곤 골프 링크스,몽키트래블,드래곤 골프 링크스,18,2026-06-06,주말,오후,166054,109.52,True,True,https://www.monkeytravel.com/gu/ko/golf/guam-golf/product/product_detail.php?product_id=1076866782,,False
2026-05-24 22:03:57,소노펠리체CC 하이퐁,golf_haiphong,드래곤 골프 링크스,몽키트래블,드래곤 골프 링크스,18,2026-06-07,주말,오전,166054,109.52,True,True,https://www.monkeytravel.com/gu/ko/golf/guam-golf/product/product_detail.php?product_id=1076866782,,False
2026-05-24 22:03:57,소노펠리체CC 하이퐁,golf_haiphong,드래곤 골프 링크스,몽키트래블,드래곤 골프 링크스,18,2026-06-07,주말,오후,166054,109.52,True,True,https://www.monkeytravel.com/gu/ko/golf/guam-golf/product/product_detail.php?product_id=1076866782,,False
2026-05-24 22:03:59,소노펠리체CC 하이퐁,golf_haiphong,빈펄 골프 하이퐁,몽키트래블,빈펄 골프 하이퐁,18,2026-05-25,주중,오전,137856,90.92,True,True,https://www.monkeytravel.com/gu/ko/golf/guam-golf/product/product_detail.php?product_id=1076782321,,False
2026-05-24 22:03:59,소노펠리체CC 하이퐁,golf_haiphong,빈펄 골프 하이퐁,몽키트래블,빈펄 골프 하이퐁,18,2026-05-25,주중,오후,137856,90.92,True,True,https://www.monkeytravel.com/gu/ko/golf/guam-golf/product/product_detail.php?product_id=1076782321,,False
2026-05-24 22:04:01,소노펠리체CC 하이퐁,golf_haiphong,빈펄 골프 하이퐁,몽키트래블,빈펄 골프 하이퐁,18,2026-05-26,주중,오전,137856,90.92,True,True,https://www.monkeytravel.com/gu/ko/golf/guam-golf/product/product_detail.php?product_id=1076782321,,False
2026-05-24 22:04:01,소노펠리체CC 하이퐁,golf_haiphong,빈펄 골프 하이퐁,몽키트래블,빈펄 골프 하이퐁,18,2026-05-26,주중,오후,137856,90.92,True,True,https://www.monkeytravel.com/gu/ko/golf/guam-golf/product/product_detail.php?product_id=1076782321,,False
2026-05-24 22:04:03,소노펠리체CC 하이퐁,golf_haiphong,빈펄 골프 하이퐁,몽키트래블,빈펄 골프 하이퐁,18,2026-05-27,주중,오전,137856,90.92,True,True,https://www.monkeytravel.com/gu/ko/golf/guam-golf/product/product_detail.php?product_id=1076782321,,False
2026-05-24 22:04:03,소노펠리체CC 하이퐁,golf_haiphong,빈펄 골프 하이퐁,몽키트래블,빈펄 골프 하이퐁,18,2026-05-27,주중,오후,137856,90.92,True,True,https://www.monkeytravel.com/gu/ko/golf/guam-golf/product/product_detail.php?product_id=1076782321,,False
2026-05-24 22:04:05,소노펠리체CC 하이퐁,golf_haiphong,빈펄 골프 하이퐁,몽키트래블,빈펄 골프 하이퐁,18,2026-05-28,주중,오전,137856,90.92,True,True,https://www.monkeytravel.com/gu/ko/golf/guam-golf/product/product_detail.php?product_id=1076782321,,False
2026-05-24 22:04:05,소노펠리체CC 하이퐁,golf_haiphong,빈펄 골프 하이퐁,몽키트래블,빈펄 골프 하이퐁,18,2026-05-28,주중,오후,137856,90.92,True,True,https://www.monkeytravel.com/gu/ko/golf/guam-golf/product/product_detail.php?product_id=1076782321,,False
2026-05-24 22:04:08,소노펠리체CC 하이퐁,golf_haiphong,빈펄 골프 하이퐁,몽키트래블,빈펄 골프 하이퐁,18,2026-05-29,주중,오전,137856,90.92,True,True,https://www.monkeytravel.com/gu/ko/golf/guam-golf/product/product_detail.php?product_id=1076782321,,False
2026-05-24 22:04:08,소노펠리체CC 하이퐁,golf_haiphong,빈펄 골프 하이퐁,몽키트래블,빈펄 골프 하이퐁,18,2026-05-29,주중,오후,137856,90.92,True,True,https://www.monkeytravel.com/gu/ko/golf/guam-golf/product/product_detail.php?product_id=1076782321,,False
2026-05-24 22:04:10,소노펠리체CC 하이퐁,golf_haiphong,빈펄 골프 하이퐁,몽키트래블,빈펄 골프 하이퐁,18,2026-05-30,주말,오전,175453,115.72,True,True,https://www.monkeytravel.com/gu/ko/golf/guam-golf/product/product_detail.php?product_id=1076782321,,False
2026-05-24 22:04:10,소노펠리체CC 하이퐁,golf_haiphong,빈펄 골프 하이퐁,몽키트래블,빈펄 골프 하이퐁,18,2026-05-30,주말,오후,175453,115.72,True,True,https://www.monkeytravel.com/gu/ko/golf/guam-golf/product/product_detail.php?product_id=1076782321,,False
2026-05-24 22:04:12,소노펠리체CC 하이퐁,golf_haiphong,빈펄 골프 하이퐁,몽키트래블,빈펄 골프 하이퐁,18,2026-05-31,주말,오전,175453,115.72,True,True,https://www.monkeytravel.com/gu/ko/golf/guam-golf/product/product_detail.php?product_id=1076782321,,False
2026-05-24 22:04:12,소노펠리체CC 하이퐁,golf_haiphong,빈펄 골프 하이퐁,몽키트래블,빈펄 골프 하이퐁,18,2026-05-31,주말,오후,175453,115.72,True,True,https://www.monkeytravel.com/gu/ko/golf/guam-golf/product/product_detail.php?product_id=1076782321,,False
2026-05-24 22:04:14,소노펠리체CC 하이퐁,golf_haiphong,빈펄 골프 하이퐁,몽키트래블,빈펄 골프 하이퐁,18,2026-06-01,주중,오전,137856,90.92,True,True,https://www.monkeytravel.com/gu/ko/golf/guam-golf/product/product_detail.php?product_id=1076782321,,False
2026-05-24 22:04:14,소노펠리체CC 하이퐁,golf_haiphong,빈펄 골프 하이퐁,몽키트래블,빈펄 골프 하이퐁,18,2026-06-01,주중,오후,137856,90.92,True,True,https://www.monkeytravel.com/gu/ko/golf/guam-golf/product/product_detail.php?product_id=1076782321,,False
2026-05-24 22:04:14,소노펠리체CC 하이퐁,golf_haiphong,빈펄 골프 하이퐁,몽키트래블,빈펄 골프 하이퐁,18,2026-06-01,주중,야간,137856,90.92,True,True,https://www.monkeytravel.com/gu/ko/golf/guam-golf/product/product_detail.php?product_id=1076782321,,False
2026-05-24 22:04:16,소노펠리체CC 하이퐁,golf_haiphong,빈펄 골프 하이퐁,몽키트래블,빈펄 골프 하이퐁,18,2026-06-02,주중,오전,137856,90.92,True,True,https://www.monkeytravel.com/gu/ko/golf/guam-golf/product/product_detail.php?product_id=1076782321,,False
2026-05-24 22:04:16,소노펠리체CC 하이퐁,golf_haiphong,빈펄 골프 하이퐁,몽키트래블,빈펄 골프 하이퐁,18,2026-06-02,주중,오후,137856,90.92,True,True,https://www.monkeytravel.com/gu/ko/golf/guam-golf/product/product_detail.php?product_id=1076782321,,False
2026-05-24 22:04:16,소노펠리체CC 하이퐁,golf_haiphong,빈펄 골프 하이퐁,몽키트래블,빈펄 골프 하이퐁,18,2026-06-02,주중,야간,137856,90.92,True,True,https://www.monkeytravel.com/gu/ko/golf/guam-golf/product/product_detail.php?product_id=1076782321,,False
2026-05-24 22:04:18,소노펠리체CC 하이퐁,golf_haiphong,빈펄 골프 하이퐁,몽키트래블,빈펄 골프 하이퐁,18,2026-06-03,주중,오전,137856,90.92,True,True,https://www.monkeytravel.com/gu/ko/golf/guam-golf/product/product_detail.php?product_id=1076782321,,False
2026-05-24 22:04:18,소노펠리체CC 하이퐁,golf_haiphong,빈펄 골프 하이퐁,몽키트래블,빈펄 골프 하이퐁,18,2026-06-03,주중,오후,137856,90.92,True,True,https://www.monkeytravel.com/gu/ko/golf/guam-golf/product/product_detail.php?product_id=1076782321,,False
2026-05-24 22:04:18,소노펠리체CC 하이퐁,golf_haiphong,빈펄 골프 하이퐁,몽키트래블,빈펄 골프 하이퐁,18,2026-06-03,주중,야간,137856,90.92,True,True,https://www.monkeytravel.com/gu/ko/golf/guam-golf/product/product_detail.php?product_id=1076782321,,False
2026-05-24 22:04:20,소노펠리체CC 하이퐁,golf_haiphong,빈펄 골프 하이퐁,몽키트래블,빈펄 골프 하이퐁,18,2026-06-04,주중,오전,137856,90.92,True,True,https://www.monkeytravel.com/gu/ko/golf/guam-golf/product/product_detail.php?product_id=1076782321,,False
2026-05-24 22:04:20,소노펠리체CC 하이퐁,golf_haiphong,빈펄 골프 하이퐁,몽키트래블,빈펄 골프 하이퐁,18,2026-06-04,주중,오후,137856,90.92,True,True,https://www.monkeytravel.com/gu/ko/golf/guam-golf/product/product_detail.php?product_id=1076782321,,False
2026-05-24 22:04:20,소노펠리체CC 하이퐁,golf_haiphong,빈펄 골프 하이퐁,몽키트래블,빈펄 골프 하이퐁,18,2026-06-04,주중,야간,137856,90.92,True,True,https://www.monkeytravel.com/gu/ko/golf/guam-golf/product/product_detail.php?product_id=1076782321,,False
2026-05-24 22:04:22,소노펠리체CC 하이퐁,golf_haiphong,빈펄 골프 하이퐁,몽키트래블,빈펄 골프 하이퐁,18,2026-06-05,주중,오전,137856,90.92,True,True,https://www.monkeytravel.com/gu/ko/golf/guam-golf/product/product_detail.php?product_id=1076782321,,False
2026-05-24 22:04:22,소노펠리체CC 하이퐁,golf_haiphong,빈펄 골프 하이퐁,몽키트래블,빈펄 골프 하이퐁,18,2026-06-05,주중,오후,137856,90.92,True,True,https://www.monkeytravel.com/gu/ko/golf/guam-golf/product/product_detail.php?product_id=1076782321,,False
2026-05-24 22:04:22,소노펠리체CC 하이퐁,golf_haiphong,빈펄 골프 하이퐁,몽키트래블,빈펄 골프 하이퐁,18,2026-06-05,주중,야간,137856,90.92,True,True,https://www.monkeytravel.com/gu/ko/golf/guam-golf/product/product_detail.php?product_id=1076782321,,False
2026-05-24 22:04:24,소노펠리체CC 하이퐁,golf_haiphong,빈펄 골프 하이퐁,몽키트래블,빈펄 골프 하이퐁,18,2026-06-06,주말,오전,175453,115.72,True,True,https://www.monkeytravel.com/gu/ko/golf/guam-golf/product/product_detail.php?product_id=1076782321,,False
2026-05-24 22:04:24,소노펠리체CC 하이퐁,golf_haiphong,빈펄 골프 하이퐁,몽키트래블,빈펄 골프 하이퐁,18,2026-06-06,주말,오후,175453,115.72,True,True,https://www.monkeytravel.com/gu/ko/golf/guam-golf/product/product_detail.php?product_id=1076782321,,False
2026-05-24 22:04:26,소노펠리체CC 하이퐁,golf_haiphong,빈펄 골프 하이퐁,몽키트래블,빈펄 골프 하이퐁,18,2026-06-07,주말,오전,175453,115.72,True,True,https://www.monkeytravel.com/gu/ko/golf/guam-golf/product/product_detail.php?product_id=1076782321,,False
2026-05-24 22:04:26,소노펠리체CC 하이퐁,golf_haiphong,빈펄 골프 하이퐁,몽키트래블,빈펄 골프 하이퐁,18,2026-06-07,주말,오후,175453,115.72,True,True,https://www.monkeytravel.com/gu/ko/golf/guam-golf/product/product_detail.php?product_id=1076782321,,False
2026-05-24 22:04:28,소노펠리체CC 하이퐁,golf_haiphong,뚜언쩌우 골프 리조트,몽키트래블,뚜언쩌우 골프 리조트,18,2026-05-25,주중,오전,140989,92.99,True,True,https://www.monkeytravel.com/gu/ko/golf/guam-golf/product/product_detail.php?product_id=1076862695,,False
2026-05-24 22:04:28,소노펠리체CC 하이퐁,golf_haiphong,뚜언쩌우 골프 리조트,몽키트래블,뚜언쩌우 골프 리조트,18,2026-05-25,주중,오후,140989,92.99,True,True,https://www.monkeytravel.com/gu/ko/golf/guam-golf/product/product_detail.php?product_id=1076862695,,False
2026-05-24 22:04:30,소노펠리체CC 하이퐁,golf_haiphong,뚜언쩌우 골프 리조트,몽키트래블,뚜언쩌우 골프 리조트,18,2026-05-26,주중,오전,140989,92.99,True,True,https://www.monkeytravel.com/gu/ko/golf/guam-golf/product/product_detail.php?product_id=1076862695,,False
2026-05-24 22:04:30,소노펠리체CC 하이퐁,golf_haiphong,뚜언쩌우 골프 리조트,몽키트래블,뚜언쩌우 골프 리조트,18,2026-05-26,주중,오후,140989,92.99,True,True,https://www.monkeytravel.com/gu/ko/golf/guam-golf/product/product_detail.php?product_id=1076862695,,False
2026-05-24 22:04:32,소노펠리체CC 하이퐁,golf_haiphong,뚜언쩌우 골프 리조트,몽키트래블,뚜언쩌우 골프 리조트,18,2026-05-27,주중,오전,140989,92.99,True,True,https://www.monkeytravel.com/gu/ko/golf/guam-golf/product/product_detail.php?product_id=1076862695,,False
2026-05-24 22:04:32,소노펠리체CC 하이퐁,golf_haiphong,뚜언쩌우 골프 리조트,몽키트래블,뚜언쩌우 골프 리조트,18,2026-05-27,주중,오후,140989,92.99,True,True,https://www.monkeytravel.com/gu/ko/golf/guam-golf/product/product_detail.php?product_id=1076862695,,False
2026-05-24 22:04:34,소노펠리체CC 하이퐁,golf_haiphong,뚜언쩌우 골프 리조트,몽키트래블,뚜언쩌우 골프 리조트,18,2026-05-28,주중,오전,140989,92.99,True,True,https://www.monkeytravel.com/gu/ko/golf/guam-golf/product/product_detail.php?product_id=1076862695,,False
2026-05-24 22:04:34,소노펠리체CC 하이퐁,golf_haiphong,뚜언쩌우 골프 리조트,몽키트래블,뚜언쩌우 골프 리조트,18,2026-05-28,주중,오후,140989,92.99,True,True,https://www.monkeytravel.com/gu/ko/golf/guam-golf/product/product_detail.php?product_id=1076862695,,False
2026-05-24 22:04:36,소노펠리체CC 하이퐁,golf_haiphong,뚜언쩌우 골프 리조트,몽키트래블,뚜언쩌우 골프 리조트,18,2026-05-29,주중,오전,140989,92.99,True,True,https://www.monkeytravel.com/gu/ko/golf/guam-golf/product/product_detail.php?product_id=1076862695,,False
2026-05-24 22:04:36,소노펠리체CC 하이퐁,golf_haiphong,뚜언쩌우 골프 리조트,몽키트래블,뚜언쩌우 골프 리조트,18,2026-05-29,주중,오후,140989,92.99,True,True,https://www.monkeytravel.com/gu/ko/golf/guam-golf/product/product_detail.php?product_id=1076862695,,False
2026-05-24 22:04:38,소노펠리체CC 하이퐁,golf_haiphong,뚜언쩌우 골프 리조트,몽키트래블,뚜언쩌우 골프 리조트,18,,,,0,0.0,False,False,https://www.monkeytravel.com/gu/ko/golf/guam-golf/product/product_detail.php?product_id=1076862695,no_data,False
2026-05-24 22:04:40,소노펠리체CC 하이퐁,golf_haiphong,뚜언쩌우 골프 리조트,몽키트래블,뚜언쩌우 골프 리조트,18,,,,0,0.0,False,False,https://www.monkeytravel.com/gu/ko/golf/guam-golf/product/product_detail.php?product_id=1076862695,no_data,False
2026-05-24 22:04:42,소노펠리체CC 하이퐁,golf_haiphong,뚜언쩌우 골프 리조트,몽키트래블,뚜언쩌우 골프 리조트,18,2026-06-01,주중,오전,140989,92.99,True,True,https://www.monkeytravel.com/gu/ko/golf/guam-golf/product/product_detail.php?product_id=1076862695,,False
2026-05-24 22:04:42,소노펠리체CC 하이퐁,golf_haiphong,뚜언쩌우 골프 리조트,몽키트래블,뚜언쩌우 골프 리조트,18,2026-06-01,주중,오후,140989,92.99,True,True,https://www.monkeytravel.com/gu/ko/golf/guam-golf/product/product_detail.php?product_id=1076862695,,False
2026-05-24 22:04:44,소노펠리체CC 하이퐁,golf_haiphong,뚜언쩌우 골프 리조트,몽키트래블,뚜언쩌우 골프 리조트,18,2026-06-02,주중,오전,140989,92.99,True,True,https://www.monkeytravel.com/gu/ko/golf/guam-golf/product/product_detail.php?product_id=1076862695,,False
2026-05-24 22:04:44,소노펠리체CC 하이퐁,golf_haiphong,뚜언쩌우 골프 리조트,몽키트래블,뚜언쩌우 골프 리조트,18,2026-06-02,주중,오후,140989,92.99,True,True,https://www.monkeytravel.com/gu/ko/golf/guam-golf/product/product_detail.php?product_id=1076862695,,False
2026-05-24 22:04:46,소노펠리체CC 하이퐁,golf_haiphong,뚜언쩌우 골프 리조트,몽키트래블,뚜언쩌우 골프 리조트,18,2026-06-03,주중,오전,140989,92.99,True,True,https://www.monkeytravel.com/gu/ko/golf/guam-golf/product/product_detail.php?product_id=1076862695,,False
2026-05-24 22:04:46,소노펠리체CC 하이퐁,golf_haiphong,뚜언쩌우 골프 리조트,몽키트래블,뚜언쩌우 골프 리조트,18,2026-06-03,주중,오후,140989,92.99,True,True,https://www.monkeytravel.com/gu/ko/golf/guam-golf/product/product_detail.php?product_id=1076862695,,False
2026-05-24 22:04:48,소노펠리체CC 하이퐁,golf_haiphong,뚜언쩌우 골프 리조트,몽키트래블,뚜언쩌우 골프 리조트,18,2026-06-04,주중,오전,140989,92.99,True,True,https://www.monkeytravel.com/gu/ko/golf/guam-golf/product/product_detail.php?product_id=1076862695,,False
2026-05-24 22:04:48,소노펠리체CC 하이퐁,golf_haiphong,뚜언쩌우 골프 리조트,몽키트래블,뚜언쩌우 골프 리조트,18,2026-06-04,주중,오후,140989,92.99,True,True,https://www.monkeytravel.com/gu/ko/golf/guam-golf/product/product_detail.php?product_id=1076862695,,False
2026-05-24 22:04:50,소노펠리체CC 하이퐁,golf_haiphong,뚜언쩌우 골프 리조트,몽키트래블,뚜언쩌우 골프 리조트,18,2026-06-05,주중,오전,140989,92.99,True,True,https://www.monkeytravel.com/gu/ko/golf/guam-golf/product/product_detail.php?product_id=1076862695,,False
2026-05-24 22:04:50,소노펠리체CC 하이퐁,golf_haiphong,뚜언쩌우 골프 리조트,몽키트래블,뚜언쩌우 골프 리조트,18,2026-06-05,주중,오후,140989,92.99,True,True,https://www.monkeytravel.com/gu/ko/golf/guam-golf/product/product_detail.php?product_id=1076862695,,False
2026-05-24 22:04:52,소노펠리체CC 하이퐁,golf_haiphong,뚜언쩌우 골프 리조트,몽키트래블,뚜언쩌우 골프 리조트,18,,,,0,0.0,False,False,https://www.monkeytravel.com/gu/ko/golf/guam-golf/product/product_detail.php?product_id=1076862695,no_data,False
2026-05-24 22:04:54,소노펠리체CC 하이퐁,golf_haiphong,뚜언쩌우 골프 리조트,몽키트래블,뚜언쩌우 골프 리조트,18,,,,0,0.0,False,False,https://www.monkeytravel.com/gu/ko/golf/guam-golf/product/product_detail.php?product_id=1076862695,no_data,False
2026-05-24 22:04:56,소노펠리체CC 괌 망길라오,golf_guam_mangilao,자사,몽키트래블,망길라오 골프 클럽,18,2026-05-25,주중,오전,285932,188.59,True,False,https://www.monkeytravel.com/gu/ko/golf/guam-golf/product/product_detail.php?product_id=1076788723,,True
2026-05-24 22:04:56,소노펠리체CC 괌 망길라오,golf_guam_mangilao,자사,몽키트래블,망길라오 골프 클럽,18,2026-05-25,주중,오후,285932,188.59,True,False,https://www.monkeytravel.com/gu/ko/golf/guam-golf/product/product_detail.php?product_id=1076788723,,True
2026-05-24 22:04:58,소노펠리체CC 괌 망길라오,golf_guam_mangilao,자사,몽키트래블,망길라오 골프 클럽,18,2026-05-26,주중,오전,285932,188.59,True,False,https://www.monkeytravel.com/gu/ko/golf/guam-golf/product/product_detail.php?product_id=1076788723,,True
2026-05-24 22:04:58,소노펠리체CC 괌 망길라오,golf_guam_mangilao,자사,몽키트래블,망길라오 골프 클럽,18,2026-05-26,주중,오후,285932,188.59,True,False,https://www.monkeytravel.com/gu/ko/golf/guam-golf/product/product_detail.php?product_id=1076788723,,True
2026-05-24 22:05:00,소노펠리체CC 괌 망길라오,golf_guam_mangilao,자사,몽키트래블,망길라오 골프 클럽,18,2026-05-27,주중,오전,285932,188.59,True,False,https://www.monkeytravel.com/gu/ko/golf/guam-golf/product/product_detail.php?product_id=1076788723,,True
2026-05-24 22:05:00,소노펠리체CC 괌 망길라오,golf_guam_mangilao,자사,몽키트래블,망길라오 골프 클럽,18,2026-05-27,주중,오후,285932,188.59,True,False,https://www.monkeytravel.com/gu/ko/golf/guam-golf/product/product_detail.php?product_id=1076788723,,True
2026-05-24 22:05:02,소노펠리체CC 괌 망길라오,golf_guam_mangilao,자사,몽키트래블,망길라오 골프 클럽,18,2026-05-28,주중,오전,285932,188.59,True,False,https://www.monkeytravel.com/gu/ko/golf/guam-golf/product/product_detail.php?product_id=1076788723,,True
2026-05-24 22:05:02,소노펠리체CC 괌 망길라오,golf_guam_mangilao,자사,몽키트래블,망길라오 골프 클럽,18,2026-05-28,주중,오후,285932,188.59,True,False,https://www.monkeytravel.com/gu/ko/golf/guam-golf/product/product_detail.php?product_id=1076788723,,True
2026-05-24 22:05:04,소노펠리체CC 괌 망길라오,golf_guam_mangilao,자사,몽키트래블,망길라오 골프 클럽,18,2026-05-29,주중,오전,285932,188.59,True,False,https://www.monkeytravel.com/gu/ko/golf/guam-golf/product/product_detail.php?product_id=1076788723,,True
2026-05-24 22:05:04,소노펠리체CC 괌 망길라오,golf_guam_mangilao,자사,몽키트래블,망길라오 골프 클럽,18,2026-05-29,주중,오후,285932,188.59,True,False,https://www.monkeytravel.com/gu/ko/golf/guam-golf/product/product_detail.php?product_id=1076788723,,True
2026-05-24 22:05:06,소노펠리체CC 괌 망길라오,golf_guam_mangilao,자사,몽키트래블,망길라오 골프 클럽,18,2026-05-30,주말,오전,285932,188.59,True,False,https://www.monkeytravel.com/gu/ko/golf/guam-golf/product/product_detail.php?product_id=1076788723,,True
2026-05-24 22:05:06,소노펠리체CC 괌 망길라오,golf_guam_mangilao,자사,몽키트래블,망길라오 골프 클럽,18,2026-05-30,주말,오후,285932,188.59,True,False,https://www.monkeytravel.com/gu/ko/golf/guam-golf/product/product_detail.php?product_id=1076788723,,True
2026-05-24 22:05:09,소노펠리체CC 괌 망길라오,golf_guam_mangilao,자사,몽키트래블,망길라오 골프 클럽,18,2026-05-31,주말,오전,285932,188.59,True,False,https://www.monkeytravel.com/gu/ko/golf/guam-golf/product/product_detail.php?product_id=1076788723,,True
2026-05-24 22:05:09,소노펠리체CC 괌 망길라오,golf_guam_mangilao,자사,몽키트래블,망길라오 골프 클럽,18,2026-05-31,주말,오후,285932,188.59,True,False,https://www.monkeytravel.com/gu/ko/golf/guam-golf/product/product_detail.php?product_id=1076788723,,True
2026-05-24 22:05:10,소노펠리체CC 괌 망길라오,golf_guam_mangilao,자사,몽키트래블,망길라오 골프 클럽,18,2026-06-01,주중,오전,285932,188.59,True,False,https://www.monkeytravel.com/gu/ko/golf/guam-golf/product/product_detail.php?product_id=1076788723,,True
2026-05-24 22:05:10,소노펠리체CC 괌 망길라오,golf_guam_mangilao,자사,몽키트래블,망길라오 골프 클럽,18,2026-06-01,주중,오후,285932,188.59,True,False,https://www.monkeytravel.com/gu/ko/golf/guam-golf/product/product_detail.php?product_id=1076788723,,True
2026-05-24 22:05:12,소노펠리체CC 괌 망길라오,golf_guam_mangilao,자사,몽키트래블,망길라오 골프 클럽,18,2026-06-02,주중,오전,285932,188.59,True,False,https://www.monkeytravel.com/gu/ko/golf/guam-golf/product/product_detail.php?product_id=1076788723,,True
2026-05-24 22:05:12,소노펠리체CC 괌 망길라오,golf_guam_mangilao,자사,몽키트래블,망길라오 골프 클럽,18,2026-06-02,주중,오후,285932,188.59,True,False,https://www.monkeytravel.com/gu/ko/golf/guam-golf/product/product_detail.php?product_id=1076788723,,True
2026-05-24 22:05:14,소노펠리체CC 괌 망길라오,golf_guam_mangilao,자사,몽키트래블,망길라오 골프 클럽,18,2026-06-03,주중,오전,285932,188.59,True,False,https://www.monkeytravel.com/gu/ko/golf/guam-golf/product/product_detail.php?product_id=1076788723,,True
2026-05-24 22:05:14,소노펠리체CC 괌 망길라오,golf_guam_mangilao,자사,몽키트래블,망길라오 골프 클럽,18,2026-06-03,주중,오후,285932,188.59,True,False,https://www.monkeytravel.com/gu/ko/golf/guam-golf/product/product_detail.php?product_id=1076788723,,True
2026-05-24 22:05:16,소노펠리체CC 괌 망길라오,golf_guam_mangilao,자사,몽키트래블,망길라오 골프 클럽,18,2026-06-04,주중,오전,285932,188.59,True,False,https://www.monkeytravel.com/gu/ko/golf/guam-golf/product/product_detail.php?product_id=1076788723,,True
2026-05-24 22:05:16,소노펠리체CC 괌 망길라오,golf_guam_mangilao,자사,몽키트래블,망길라오 골프 클럽,18,2026-06-04,주중,오후,285932,188.59,True,False,https://www.monkeytravel.com/gu/ko/golf/guam-golf/product/product_detail.php?product_id=1076788723,,True
2026-05-24 22:05:18,소노펠리체CC 괌 망길라오,golf_guam_mangilao,자사,몽키트래블,망길라오 골프 클럽,18,2026-06-05,주중,오전,285932,188.59,True,False,https://www.monkeytravel.com/gu/ko/golf/guam-golf/product/product_detail.php?product_id=1076788723,,True
2026-05-24 22:05:18,소노펠리체CC 괌 망길라오,golf_guam_mangilao,자사,몽키트래블,망길라오 골프 클럽,18,2026-06-05,주중,오후,285932,188.59,True,False,https://www.monkeytravel.com/gu/ko/golf/guam-golf/product/product_detail.php?product_id=1076788723,,True
2026-05-24 22:05:20,소노펠리체CC 괌 망길라오,golf_guam_mangilao,자사,몽키트래블,망길라오 골프 클럽,18,2026-06-06,주말,오전,285932,188.59,True,False,https://www.monkeytravel.com/gu/ko/golf/guam-golf/product/product_detail.php?product_id=1076788723,,True
2026-05-24 22:05:20,소노펠리체CC 괌 망길라오,golf_guam_mangilao,자사,몽키트래블,망길라오 골프 클럽,18,2026-06-06,주말,오후,285932,188.59,True,False,https://www.monkeytravel.com/gu/ko/golf/guam-golf/product/product_detail.php?product_id=1076788723,,True
2026-05-24 22:05:22,소노펠리체CC 괌 망길라오,golf_guam_mangilao,자사,몽키트래블,망길라오 골프 클럽,18,2026-06-07,주말,오전,285932,188.59,True,False,https://www.monkeytravel.com/gu/ko/golf/guam-golf/product/product_detail.php?product_id=1076788723,,True
2026-05-24 22:05:22,소노펠리체CC 괌 망길라오,golf_guam_mangilao,자사,몽키트래블,망길라오 골프 클럽,18,2026-06-07,주말,오후,285932,188.59,True,False,https://www.monkeytravel.com/gu/ko/golf/guam-golf/product/product_detail.php?product_id=1076788723,,True
2026-05-24 22:05:24,소노펠리체CC 괌 망길라오,golf_guam_mangilao,자사,AGL,망길라오 골프 클럽,18,,,,0,0.0,False,False,https://www.tigerbooking.com/ko/golf-course/teetime/1/GU,prod_id_not_found:TOGU0004,True
2026-05-24 22:05:25,소노펠리체CC 괌 망길라오,golf_guam_mangilao,자사,KKday,망길라오 골프 클럽,18,2026-05-24,주말,최저가,299766,197.71,False,False,https://www.kkday.com/en/product/156010,,True
2026-05-24 22:05:26,소노펠리체CC 괌 망길라오,golf_guam_mangilao,레오팔레스 리조트 CC,몽키트래블,레오팔레스 리조트 CC,18,2026-05-25,주중,오전,177741,117.23,True,False,https://www.monkeytravel.com/gu/ko/golf/guam-golf/product/product_detail.php?product_id=1076788717,,False
2026-05-24 22:05:26,소노펠리체CC 괌 망길라오,golf_guam_mangilao,레오팔레스 리조트 CC,몽키트래블,레오팔레스 리조트 CC,18,2026-05-25,주중,오후,177741,117.23,True,False,https://www.monkeytravel.com/gu/ko/golf/guam-golf/product/product_detail.php?product_id=1076788717,,False
2026-05-24 22:05:28,소노펠리체CC 괌 망길라오,golf_guam_mangilao,레오팔레스 리조트 CC,몽키트래블,레오팔레스 리조트 CC,18,2026-05-26,주중,오전,177741,117.23,True,False,https://www.monkeytravel.com/gu/ko/golf/guam-golf/product/product_detail.php?product_id=1076788717,,False
2026-05-24 22:05:28,소노펠리체CC 괌 망길라오,golf_guam_mangilao,레오팔레스 리조트 CC,몽키트래블,레오팔레스 리조트 CC,18,2026-05-26,주중,오후,177741,117.23,True,False,https://www.monkeytravel.com/gu/ko/golf/guam-golf/product/product_detail.php?product_id=1076788717,,False
2026-05-24 22:05:30,소노펠리체CC 괌 망길라오,golf_guam_mangilao,레오팔레스 리조트 CC,몽키트래블,레오팔레스 리조트 CC,18,2026-05-27,주중,오전,177741,117.23,True,False,https://www.monkeytravel.com/gu/ko/golf/guam-golf/product/product_detail.php?product_id=1076788717,,False
2026-05-24 22:05:30,소노펠리체CC 괌 망길라오,golf_guam_mangilao,레오팔레스 리조트 CC,몽키트래블,레오팔레스 리조트 CC,18,2026-05-27,주중,오후,177741,117.23,True,False,https://www.monkeytravel.com/gu/ko/golf/guam-golf/product/product_detail.php?product_id=1076788717,,False
2026-05-24 22:05:32,소노펠리체CC 괌 망길라오,golf_guam_mangilao,레오팔레스 리조트 CC,몽키트래블,레오팔레스 리조트 CC,18,2026-05-28,주중,오전,177741,117.23,True,False,https://www.monkeytravel.com/gu/ko/golf/guam-golf/product/product_detail.php?product_id=1076788717,,False
2026-05-24 22:05:32,소노펠리체CC 괌 망길라오,golf_guam_mangilao,레오팔레스 리조트 CC,몽키트래블,레오팔레스 리조트 CC,18,2026-05-28,주중,오후,177741,117.23,True,False,https://www.monkeytravel.com/gu/ko/golf/guam-golf/product/product_detail.php?product_id=1076788717,,False
2026-05-24 22:05:34,소노펠리체CC 괌 망길라오,golf_guam_mangilao,레오팔레스 리조트 CC,몽키트래블,레오팔레스 리조트 CC,18,2026-05-29,주중,오전,177741,117.23,True,False,https://www.monkeytravel.com/gu/ko/golf/guam-golf/product/product_detail.php?product_id=1076788717,,False
2026-05-24 22:05:34,소노펠리체CC 괌 망길라오,golf_guam_mangilao,레오팔레스 리조트 CC,몽키트래블,레오팔레스 리조트 CC,18,2026-05-29,주중,오후,177741,117.23,True,False,https://www.monkeytravel.com/gu/ko/golf/guam-golf/product/product_detail.php?product_id=1076788717,,False
2026-05-24 22:05:36,소노펠리체CC 괌 망길라오,golf_guam_mangilao,레오팔레스 리조트 CC,몽키트래블,레오팔레스 리조트 CC,18,2026-05-30,주말,오전,177741,117.23,True,False,https://www.monkeytravel.com/gu/ko/golf/guam-golf/product/product_detail.php?product_id=1076788717,,False
2026-05-24 22:05:36,소노펠리체CC 괌 망길라오,golf_guam_mangilao,레오팔레스 리조트 CC,몽키트래블,레오팔레스 리조트 CC,18,2026-05-30,주말,오후,177741,117.23,True,False,https://www.monkeytravel.com/gu/ko/golf/guam-golf/product/product_detail.php?product_id=1076788717,,False
2026-05-24 22:05:37,소노펠리체CC 괌 망길라오,golf_guam_mangilao,레오팔레스 리조트 CC,몽키트래블,레오팔레스 리조트 CC,18,2026-05-31,주말,오전,177741,117.23,True,False,https://www.monkeytravel.com/gu/ko/golf/guam-golf/product/product_detail.php?product_id=1076788717,,False
2026-05-24 22:05:37,소노펠리체CC 괌 망길라오,golf_guam_mangilao,레오팔레스 리조트 CC,몽키트래블,레오팔레스 리조트 CC,18,2026-05-31,주말,오후,177741,117.23,True,False,https://www.monkeytravel.com/gu/ko/golf/guam-golf/product/product_detail.php?product_id=1076788717,,False
2026-05-24 22:05:40,소노펠리체CC 괌 망길라오,golf_guam_mangilao,레오팔레스 리조트 CC,몽키트래블,레오팔레스 리조트 CC,18,2026-06-01,주중,오전,177741,117.23,True,False,https://www.monkeytravel.com/gu/ko/golf/guam-golf/product/product_detail.php?product_id=1076788717,,False
2026-05-24 22:05:40,소노펠리체CC 괌 망길라오,golf_guam_mangilao,레오팔레스 리조트 CC,몽키트래블,레오팔레스 리조트 CC,18,2026-06-01,주중,오후,177741,117.23,True,False,https://www.monkeytravel.com/gu/ko/golf/guam-golf/product/product_detail.php?product_id=1076788717,,False
2026-05-24 22:05:41,소노펠리체CC 괌 망길라오,golf_guam_mangilao,레오팔레스 리조트 CC,몽키트래블,레오팔레스 리조트 CC,18,2026-06-02,주중,오전,177741,117.23,True,False,https://www.monkeytravel.com/gu/ko/golf/guam-golf/product/product_detail.php?product_id=1076788717,,False
2026-05-24 22:05:41,소노펠리체CC 괌 망길라오,golf_guam_mangilao,레오팔레스 리조트 CC,몽키트래블,레오팔레스 리조트 CC,18,2026-06-02,주중,오후,177741,117.23,True,False,https://www.monkeytravel.com/gu/ko/golf/guam-golf/product/product_detail.php?product_id=1076788717,,False
2026-05-24 22:05:43,소노펠리체CC 괌 망길라오,golf_guam_mangilao,레오팔레스 리조트 CC,몽키트래블,레오팔레스 리조트 CC,18,2026-06-03,주중,오전,177741,117.23,True,False,https://www.monkeytravel.com/gu/ko/golf/guam-golf/product/product_detail.php?product_id=1076788717,,False
2026-05-24 22:05:43,소노펠리체CC 괌 망길라오,golf_guam_mangilao,레오팔레스 리조트 CC,몽키트래블,레오팔레스 리조트 CC,18,2026-06-03,주중,오후,177741,117.23,True,False,https://www.monkeytravel.com/gu/ko/golf/guam-golf/product/product_detail.php?product_id=1076788717,,False
2026-05-24 22:05:45,소노펠리체CC 괌 망길라오,golf_guam_mangilao,레오팔레스 리조트 CC,몽키트래블,레오팔레스 리조트 CC,18,2026-06-04,주중,오전,177741,117.23,True,False,https://www.monkeytravel.com/gu/ko/golf/guam-golf/product/product_detail.php?product_id=1076788717,,False
2026-05-24 22:05:45,소노펠리체CC 괌 망길라오,golf_guam_mangilao,레오팔레스 리조트 CC,몽키트래블,레오팔레스 리조트 CC,18,2026-06-04,주중,오후,177741,117.23,True,False,https://www.monkeytravel.com/gu/ko/golf/guam-golf/product/product_detail.php?product_id=1076788717,,False
2026-05-24 22:05:47,소노펠리체CC 괌 망길라오,golf_guam_mangilao,레오팔레스 리조트 CC,몽키트래블,레오팔레스 리조트 CC,18,2026-06-05,주중,오전,177741,117.23,True,False,https://www.monkeytravel.com/gu/ko/golf/guam-golf/product/product_detail.php?product_id=1076788717,,False
2026-05-24 22:05:47,소노펠리체CC 괌 망길라오,golf_guam_mangilao,레오팔레스 리조트 CC,몽키트래블,레오팔레스 리조트 CC,18,2026-06-05,주중,오후,177741,117.23,True,False,https://www.monkeytravel.com/gu/ko/golf/guam-golf/product/product_detail.php?product_id=1076788717,,False
2026-05-24 22:05:49,소노펠리체CC 괌 망길라오,golf_guam_mangilao,레오팔레스 리조트 CC,몽키트래블,레오팔레스 리조트 CC,18,2026-06-06,주말,오전,177741,117.23,True,False,https://www.monkeytravel.com/gu/ko/golf/guam-golf/product/product_detail.php?product_id=1076788717,,False
2026-05-24 22:05:49,소노펠리체CC 괌 망길라오,golf_guam_mangilao,레오팔레스 리조트 CC,몽키트래블,레오팔레스 리조트 CC,18,2026-06-06,주말,오후,177741,117.23,True,False,https://www.monkeytravel.com/gu/ko/golf/guam-golf/product/product_detail.php?product_id=1076788717,,False
2026-05-24 22:05:51,소노펠리체CC 괌 망길라오,golf_guam_mangilao,레오팔레스 리조트 CC,몽키트래블,레오팔레스 리조트 CC,18,2026-06-07,주말,오전,177741,117.23,True,False,https://www.monkeytravel.com/gu/ko/golf/guam-golf/product/product_detail.php?product_id=1076788717,,False
2026-05-24 22:05:51,소노펠리체CC 괌 망길라오,golf_guam_mangilao,레오팔레스 리조트 CC,몽키트래블,레오팔레스 리조트 CC,18,2026-06-07,주말,오후,177741,117.23,True,False,https://www.monkeytravel.com/gu/ko/golf/guam-golf/product/product_detail.php?product_id=1076788717,,False
2026-05-24 22:05:53,소노펠리체CC 괌 망길라오,golf_guam_mangilao,레오팔레스 리조트 CC,AGL,레오팔레스 리조트 CC,18,,,,0,0.0,False,False,https://www.tigerbooking.com/ko/golf-course/teetime/1/GU,prod_id_not_found:TOGU0001,False
2026-05-24 22:05:53,소노펠리체CC 괌 망길라오,golf_guam_mangilao,CCP (컨트리 클럽 오브 더 퍼시픽),몽키트래블,CCP (컨트리 클럽 오브 더 퍼시픽),18,2026-05-25,주중,오전,173104,114.17,True,False,https://www.monkeytravel.com/gu/ko/golf/guam-golf/product/product_detail.php?product_id=1076788719,,False
2026-05-24 22:05:53,소노펠리체CC 괌 망길라오,golf_guam_mangilao,CCP (컨트리 클럽 오브 더 퍼시픽),몽키트래블,CCP (컨트리 클럽 오브 더 퍼시픽),18,2026-05-25,주중,오후,173104,114.17,True,False,https://www.monkeytravel.com/gu/ko/golf/guam-golf/product/product_detail.php?product_id=1076788719,,False
2026-05-24 22:05:55,소노펠리체CC 괌 망길라오,golf_guam_mangilao,CCP (컨트리 클럽 오브 더 퍼시픽),몽키트래블,CCP (컨트리 클럽 오브 더 퍼시픽),18,2026-05-26,주중,오전,173104,114.17,True,False,https://www.monkeytravel.com/gu/ko/golf/guam-golf/product/product_detail.php?product_id=1076788719,,False
2026-05-24 22:05:55,소노펠리체CC 괌 망길라오,golf_guam_mangilao,CCP (컨트리 클럽 오브 더 퍼시픽),몽키트래블,CCP (컨트리 클럽 오브 더 퍼시픽),18,2026-05-26,주중,오후,173104,114.17,True,False,https://www.monkeytravel.com/gu/ko/golf/guam-golf/product/product_detail.php?product_id=1076788719,,False
2026-05-24 22:05:57,소노펠리체CC 괌 망길라오,golf_guam_mangilao,CCP (컨트리 클럽 오브 더 퍼시픽),몽키트래블,CCP (컨트리 클럽 오브 더 퍼시픽),18,2026-05-27,주중,오전,173104,114.17,True,False,https://www.monkeytravel.com/gu/ko/golf/guam-golf/product/product_detail.php?product_id=1076788719,,False
2026-05-24 22:05:57,소노펠리체CC 괌 망길라오,golf_guam_mangilao,CCP (컨트리 클럽 오브 더 퍼시픽),몽키트래블,CCP (컨트리 클럽 오브 더 퍼시픽),18,2026-05-27,주중,오후,173104,114.17,True,False,https://www.monkeytravel.com/gu/ko/golf/guam-golf/product/product_detail.php?product_id=1076788719,,False
2026-05-24 22:05:59,소노펠리체CC 괌 망길라오,golf_guam_mangilao,CCP (컨트리 클럽 오브 더 퍼시픽),몽키트래블,CCP (컨트리 클럽 오브 더 퍼시픽),18,2026-05-28,주중,오전,173104,114.17,True,False,https://www.monkeytravel.com/gu/ko/golf/guam-golf/product/product_detail.php?product_id=1076788719,,False
2026-05-24 22:05:59,소노펠리체CC 괌 망길라오,golf_guam_mangilao,CCP (컨트리 클럽 오브 더 퍼시픽),몽키트래블,CCP (컨트리 클럽 오브 더 퍼시픽),18,2026-05-28,주중,오후,173104,114.17,True,False,https://www.monkeytravel.com/gu/ko/golf/guam-golf/product/product_detail.php?product_id=1076788719,,False
2026-05-24 22:06:01,소노펠리체CC 괌 망길라오,golf_guam_mangilao,CCP (컨트리 클럽 오브 더 퍼시픽),몽키트래블,CCP (컨트리 클럽 오브 더 퍼시픽),18,2026-05-29,주중,오전,173104,114.17,True,False,https://www.monkeytravel.com/gu/ko/golf/guam-golf/product/product_detail.php?product_id=1076788719,,False
2026-05-24 22:06:01,소노펠리체CC 괌 망길라오,golf_guam_mangilao,CCP (컨트리 클럽 오브 더 퍼시픽),몽키트래블,CCP (컨트리 클럽 오브 더 퍼시픽),18,2026-05-29,주중,오후,173104,114.17,True,False,https://www.monkeytravel.com/gu/ko/golf/guam-golf/product/product_detail.php?product_id=1076788719,,False
2026-05-24 22:06:03,소노펠리체CC 괌 망길라오,golf_guam_mangilao,CCP (컨트리 클럽 오브 더 퍼시픽),몽키트래블,CCP (컨트리 클럽 오브 더 퍼시픽),18,2026-05-30,주말,오전,173104,114.17,True,False,https://www.monkeytravel.com/gu/ko/golf/guam-golf/product/product_detail.php?product_id=1076788719,,False
2026-05-24 22:06:03,소노펠리체CC 괌 망길라오,golf_guam_mangilao,CCP (컨트리 클럽 오브 더 퍼시픽),몽키트래블,CCP (컨트리 클럽 오브 더 퍼시픽),18,2026-05-30,주말,오후,173104,114.17,True,False,https://www.monkeytravel.com/gu/ko/golf/guam-golf/product/product_detail.php?product_id=1076788719,,False
2026-05-24 22:06:05,소노펠리체CC 괌 망길라오,golf_guam_mangilao,CCP (컨트리 클럽 오브 더 퍼시픽),몽키트래블,CCP (컨트리 클럽 오브 더 퍼시픽),18,2026-05-31,주말,오전,173104,114.17,True,False,https://www.monkeytravel.com/gu/ko/golf/guam-golf/product/product_detail.php?product_id=1076788719,,False
2026-05-24 22:06:05,소노펠리체CC 괌 망길라오,golf_guam_mangilao,CCP (컨트리 클럽 오브 더 퍼시픽),몽키트래블,CCP (컨트리 클럽 오브 더 퍼시픽),18,2026-05-31,주말,오후,173104,114.17,True,False,https://www.monkeytravel.com/gu/ko/golf/guam-golf/product/product_detail.php?product_id=1076788719,,False
2026-05-24 22:06:07,소노펠리체CC 괌 망길라오,golf_guam_mangilao,CCP (컨트리 클럽 오브 더 퍼시픽),몽키트래블,CCP (컨트리 클럽 오브 더 퍼시픽),18,2026-06-01,주중,오전,173104,114.17,True,False,https://www.monkeytravel.com/gu/ko/golf/guam-golf/product/product_detail.php?product_id=1076788719,,False
2026-05-24 22:06:07,소노펠리체CC 괌 망길라오,golf_guam_mangilao,CCP (컨트리 클럽 오브 더 퍼시픽),몽키트래블,CCP (컨트리 클럽 오브 더 퍼시픽),18,2026-06-01,주중,오후,173104,114.17,True,False,https://www.monkeytravel.com/gu/ko/golf/guam-golf/product/product_detail.php?product_id=1076788719,,False
2026-05-24 22:06:09,소노펠리체CC 괌 망길라오,golf_guam_mangilao,CCP (컨트리 클럽 오브 더 퍼시픽),몽키트래블,CCP (컨트리 클럽 오브 더 퍼시픽),18,2026-06-02,주중,오전,173104,114.17,True,False,https://www.monkeytravel.com/gu/ko/golf/guam-golf/product/product_detail.php?product_id=1076788719,,False
2026-05-24 22:06:09,소노펠리체CC 괌 망길라오,golf_guam_mangilao,CCP (컨트리 클럽 오브 더 퍼시픽),몽키트래블,CCP (컨트리 클럽 오브 더 퍼시픽),18,2026-06-02,주중,오후,173104,114.17,True,False,https://www.monkeytravel.com/gu/ko/golf/guam-golf/product/product_detail.php?product_id=1076788719,,False
2026-05-24 22:06:11,소노펠리체CC 괌 망길라오,golf_guam_mangilao,CCP (컨트리 클럽 오브 더 퍼시픽),몽키트래블,CCP (컨트리 클럽 오브 더 퍼시픽),18,2026-06-03,주중,오전,173104,114.17,True,False,https://www.monkeytravel.com/gu/ko/golf/guam-golf/product/product_detail.php?product_id=1076788719,,False
2026-05-24 22:06:11,소노펠리체CC 괌 망길라오,golf_guam_mangilao,CCP (컨트리 클럽 오브 더 퍼시픽),몽키트래블,CCP (컨트리 클럽 오브 더 퍼시픽),18,2026-06-03,주중,오후,173104,114.17,True,False,https://www.monkeytravel.com/gu/ko/golf/guam-golf/product/product_detail.php?product_id=1076788719,,False
2026-05-24 22:06:13,소노펠리체CC 괌 망길라오,golf_guam_mangilao,CCP (컨트리 클럽 오브 더 퍼시픽),몽키트래블,CCP (컨트리 클럽 오브 더 퍼시픽),18,2026-06-04,주중,오전,173104,114.17,True,False,https://www.monkeytravel.com/gu/ko/golf/guam-golf/product/product_detail.php?product_id=1076788719,,False
2026-05-24 22:06:13,소노펠리체CC 괌 망길라오,golf_guam_mangilao,CCP (컨트리 클럽 오브 더 퍼시픽),몽키트래블,CCP (컨트리 클럽 오브 더 퍼시픽),18,2026-06-04,주중,오후,173104,114.17,True,False,https://www.monkeytravel.com/gu/ko/golf/guam-golf/product/product_detail.php?product_id=1076788719,,False
2026-05-24 22:06:15,소노펠리체CC 괌 망길라오,golf_guam_mangilao,CCP (컨트리 클럽 오브 더 퍼시픽),몽키트래블,CCP (컨트리 클럽 오브 더 퍼시픽),18,2026-06-05,주중,오전,173104,114.17,True,False,https://www.monkeytravel.com/gu/ko/golf/guam-golf/product/product_detail.php?product_id=1076788719,,False
2026-05-24 22:06:15,소노펠리체CC 괌 망길라오,golf_guam_mangilao,CCP (컨트리 클럽 오브 더 퍼시픽),몽키트래블,CCP (컨트리 클럽 오브 더 퍼시픽),18,2026-06-05,주중,오후,173104,114.17,True,False,https://www.monkeytravel.com/gu/ko/golf/guam-golf/product/product_detail.php?product_id=1076788719,,False
2026-05-24 22:06:17,소노펠리체CC 괌 망길라오,golf_guam_mangilao,CCP (컨트리 클럽 오브 더 퍼시픽),몽키트래블,CCP (컨트리 클럽 오브 더 퍼시픽),18,2026-06-06,주말,오전,173104,114.17,True,False,https://www.monkeytravel.com/gu/ko/golf/guam-golf/product/product_detail.php?product_id=1076788719,,False
2026-05-24 22:06:17,소노펠리체CC 괌 망길라오,golf_guam_mangilao,CCP (컨트리 클럽 오브 더 퍼시픽),몽키트래블,CCP (컨트리 클럽 오브 더 퍼시픽),18,2026-06-06,주말,오후,173104,114.17,True,False,https://www.monkeytravel.com/gu/ko/golf/guam-golf/product/product_detail.php?product_id=1076788719,,False
2026-05-24 22:06:19,소노펠리체CC 괌 망길라오,golf_guam_mangilao,CCP (컨트리 클럽 오브 더 퍼시픽),몽키트래블,CCP (컨트리 클럽 오브 더 퍼시픽),18,2026-06-07,주말,오전,173104,114.17,True,False,https://www.monkeytravel.com/gu/ko/golf/guam-golf/product/product_detail.php?product_id=1076788719,,False
2026-05-24 22:06:19,소노펠리체CC 괌 망길라오,golf_guam_mangilao,CCP (컨트리 클럽 오브 더 퍼시픽),몽키트래블,CCP (컨트리 클럽 오브 더 퍼시픽),18,2026-06-07,주말,오후,173104,114.17,True,False,https://www.monkeytravel.com/gu/ko/golf/guam-golf/product/product_detail.php?product_id=1076788719,,False
2026-05-24 22:06:21,소노펠리체CC 괌 망길라오,golf_guam_mangilao,CCP (컨트리 클럽 오브 더 퍼시픽),AGL,CCP (컨트리 클럽 오브 더 퍼시픽),18,,,,0,0.0,False,False,https://www.tigerbooking.com/ko/golf-course/teetime/1/GU,prod_id_not_found:TOGU0005,False
2026-05-24 22:06:21,소노펠리체CC 괌 망길라오,golf_guam_mangilao,CCP (컨트리 클럽 오브 더 퍼시픽),KKday,CCP (컨트리 클럽 오브 더 퍼시픽),18,,,,0,0.0,False,False,https://www.kkday.com/en/product/156004,product_not_found_404,False
2026-05-24 22:06:22,소노펠리체CC 괌 망길라오,golf_guam_mangilao,퍼시픽링스 괌 (GICC),몽키트래블,괌 인터내셔널 컨트리 클럽,18,,,,0,0.0,False,False,https://www.monkeytravel.com/gu/ko/golf/guam-golf/product/product_detail.php?product_id=1076788718,no_data,False
2026-05-24 22:06:24,소노펠리체CC 괌 망길라오,golf_guam_mangilao,퍼시픽링스 괌 (GICC),몽키트래블,괌 인터내셔널 컨트리 클럽,18,,,,0,0.0,False,False,https://www.monkeytravel.com/gu/ko/golf/guam-golf/product/product_detail.php?product_id=1076788718,no_data,False
2026-05-24 22:06:25,소노펠리체CC 괌 망길라오,golf_guam_mangilao,퍼시픽링스 괌 (GICC),몽키트래블,괌 인터내셔널 컨트리 클럽,18,,,,0,0.0,False,False,https://www.monkeytravel.com/gu/ko/golf/guam-golf/product/product_detail.php?product_id=1076788718,no_data,False
2026-05-24 22:06:27,소노펠리체CC 괌 망길라오,golf_guam_mangilao,퍼시픽링스 괌 (GICC),몽키트래블,괌 인터내셔널 컨트리 클럽,18,,,,0,0.0,False,False,https://www.monkeytravel.com/gu/ko/golf/guam-golf/product/product_detail.php?product_id=1076788718,no_data,False
2026-05-24 22:06:29,소노펠리체CC 괌 망길라오,golf_guam_mangilao,퍼시픽링스 괌 (GICC),몽키트래블,괌 인터내셔널 컨트리 클럽,18,,,,0,0.0,False,False,https://www.monkeytravel.com/gu/ko/golf/guam-golf/product/product_detail.php?product_id=1076788718,no_data,False
2026-05-24 22:06:31,소노펠리체CC 괌 망길라오,golf_guam_mangilao,퍼시픽링스 괌 (GICC),몽키트래블,괌 인터내셔널 컨트리 클럽,18,,,,0,0.0,False,False,https://www.monkeytravel.com/gu/ko/golf/guam-golf/product/product_detail.php?product_id=1076788718,no_data,False
2026-05-24 22:06:33,소노펠리체CC 괌 망길라오,golf_guam_mangilao,퍼시픽링스 괌 (GICC),몽키트래블,괌 인터내셔널 컨트리 클럽,18,,,,0,0.0,False,False,https://www.monkeytravel.com/gu/ko/golf/guam-golf/product/product_detail.php?product_id=1076788718,no_data,False
2026-05-24 22:06:35,소노펠리체CC 괌 망길라오,golf_guam_mangilao,퍼시픽링스 괌 (GICC),몽키트래블,괌 인터내셔널 컨트리 클럽,18,,,,0,0.0,False,False,https://www.monkeytravel.com/gu/ko/golf/guam-golf/product/product_detail.php?product_id=1076788718,no_data,False
2026-05-24 22:06:37,소노펠리체CC 괌 망길라오,golf_guam_mangilao,퍼시픽링스 괌 (GICC),몽키트래블,괌 인터내셔널 컨트리 클럽,18,,,,0,0.0,False,False,https://www.monkeytravel.com/gu/ko/golf/guam-golf/product/product_detail.php?product_id=1076788718,no_data,False
2026-05-24 22:06:39,소노펠리체CC 괌 망길라오,golf_guam_mangilao,퍼시픽링스 괌 (GICC),몽키트래블,괌 인터내셔널 컨트리 클럽,18,,,,0,0.0,False,False,https://www.monkeytravel.com/gu/ko/golf/guam-golf/product/product_detail.php?product_id=1076788718,no_data,False
2026-05-24 22:06:41,소노펠리체CC 괌 망길라오,golf_guam_mangilao,퍼시픽링스 괌 (GICC),몽키트래블,괌 인터내셔널 컨트리 클럽,18,,,,0,0.0,False,False,https://www.monkeytravel.com/gu/ko/golf/guam-golf/product/product_detail.php?product_id=1076788718,no_data,False
2026-05-24 22:06:43,소노펠리체CC 괌 망길라오,golf_guam_mangilao,퍼시픽링스 괌 (GICC),몽키트래블,괌 인터내셔널 컨트리 클럽,18,,,,0,0.0,False,False,https://www.monkeytravel.com/gu/ko/golf/guam-golf/product/product_detail.php?product_id=1076788718,no_data,False
2026-05-24 22:06:45,소노펠리체CC 괌 망길라오,golf_guam_mangilao,퍼시픽링스 괌 (GICC),몽키트래블,괌 인터내셔널 컨트리 클럽,18,,,,0,0.0,False,False,https://www.monkeytravel.com/gu/ko/golf/guam-golf/product/product_detail.php?product_id=1076788718,no_data,False
2026-05-24 22:06:47,소노펠리체CC 괌 망길라오,golf_guam_mangilao,퍼시픽링스 괌 (GICC),몽키트래블,괌 인터내셔널 컨트리 클럽,18,,,,0,0.0,False,False,https://www.monkeytravel.com/gu/ko/golf/guam-golf/product/product_detail.php?product_id=1076788718,no_data,False
2026-05-24 22:06:49,소노펠리체CC 괌 망길라오,golf_guam_mangilao,퍼시픽링스 괌 (GICC),AGL,괌 인터내셔널 컨트리 클럽,18,,,,0,0.0,False,False,https://www.tigerbooking.com/ko/golf-course/teetime/1/GU,prod_id_not_found:QOGU0002,False
2026-05-24 22:06:49,소노펠리체CC 괌 탈로포포,golf_guam_talofofo,자사,몽키트래블,탈로포포 골프 클럽,18,2026-05-25,주중,오전,224109,147.81,False,False,https://www.monkeytravel.com/gu/ko/golf/guam-golf/product/product_detail.php?product_id=1076788720,,True
2026-05-24 22:06:49,소노펠리체CC 괌 탈로포포,golf_guam_talofofo,자사,몽키트래블,탈로포포 골프 클럽,18,2026-05-25,주중,오후,224109,147.81,False,False,https://www.monkeytravel.com/gu/ko/golf/guam-golf/product/product_detail.php?product_id=1076788720,,True
2026-05-24 22:06:51,소노펠리체CC 괌 탈로포포,golf_guam_talofofo,자사,몽키트래블,탈로포포 골프 클럽,18,2026-05-26,주중,오전,224109,147.81,False,False,https://www.monkeytravel.com/gu/ko/golf/guam-golf/product/product_detail.php?product_id=1076788720,,True
2026-05-24 22:06:51,소노펠리체CC 괌 탈로포포,golf_guam_talofofo,자사,몽키트래블,탈로포포 골프 클럽,18,2026-05-26,주중,오후,224109,147.81,False,False,https://www.monkeytravel.com/gu/ko/golf/guam-golf/product/product_detail.php?product_id=1076788720,,True
2026-05-24 22:06:53,소노펠리체CC 괌 탈로포포,golf_guam_talofofo,자사,몽키트래블,탈로포포 골프 클럽,18,2026-05-27,주중,오전,224109,147.81,False,False,https://www.monkeytravel.com/gu/ko/golf/guam-golf/product/product_detail.php?product_id=1076788720,,True
2026-05-24 22:06:53,소노펠리체CC 괌 탈로포포,golf_guam_talofofo,자사,몽키트래블,탈로포포 골프 클럽,18,2026-05-27,주중,오후,224109,147.81,False,False,https://www.monkeytravel.com/gu/ko/golf/guam-golf/product/product_detail.php?product_id=1076788720,,True
2026-05-24 22:06:55,소노펠리체CC 괌 탈로포포,golf_guam_talofofo,자사,몽키트래블,탈로포포 골프 클럽,18,2026-05-28,주중,오전,224109,147.81,False,False,https://www.monkeytravel.com/gu/ko/golf/guam-golf/product/product_detail.php?product_id=1076788720,,True
2026-05-24 22:06:55,소노펠리체CC 괌 탈로포포,golf_guam_talofofo,자사,몽키트래블,탈로포포 골프 클럽,18,2026-05-28,주중,오후,224109,147.81,False,False,https://www.monkeytravel.com/gu/ko/golf/guam-golf/product/product_detail.php?product_id=1076788720,,True
2026-05-24 22:06:57,소노펠리체CC 괌 탈로포포,golf_guam_talofofo,자사,몽키트래블,탈로포포 골프 클럽,18,2026-05-29,주중,오전,224109,147.81,False,False,https://www.monkeytravel.com/gu/ko/golf/guam-golf/product/product_detail.php?product_id=1076788720,,True
2026-05-24 22:06:57,소노펠리체CC 괌 탈로포포,golf_guam_talofofo,자사,몽키트래블,탈로포포 골프 클럽,18,2026-05-29,주중,오후,224109,147.81,False,False,https://www.monkeytravel.com/gu/ko/golf/guam-golf/product/product_detail.php?product_id=1076788720,,True
2026-05-24 22:06:59,소노펠리체CC 괌 탈로포포,golf_guam_talofofo,자사,몽키트래블,탈로포포 골프 클럽,18,2026-05-30,주말,오전,224109,147.81,False,False,https://www.monkeytravel.com/gu/ko/golf/guam-golf/product/product_detail.php?product_id=1076788720,,True
2026-05-24 22:07:01,소노펠리체CC 괌 탈로포포,golf_guam_talofofo,자사,몽키트래블,탈로포포 골프 클럽,18,2026-05-31,주말,오전,224109,147.81,False,False,https://www.monkeytravel.com/gu/ko/golf/guam-golf/product/product_detail.php?product_id=1076788720,,True
2026-05-24 22:07:03,소노펠리체CC 괌 탈로포포,golf_guam_talofofo,자사,몽키트래블,탈로포포 골프 클럽,18,2026-06-01,주중,오전,224109,147.81,False,False,https://www.monkeytravel.com/gu/ko/golf/guam-golf/product/product_detail.php?product_id=1076788720,,True
2026-05-24 22:07:03,소노펠리체CC 괌 탈로포포,golf_guam_talofofo,자사,몽키트래블,탈로포포 골프 클럽,18,2026-06-01,주중,오후,224109,147.81,False,False,https://www.monkeytravel.com/gu/ko/golf/guam-golf/product/product_detail.php?product_id=1076788720,,True
2026-05-24 22:07:05,소노펠리체CC 괌 탈로포포,golf_guam_talofofo,자사,몽키트래블,탈로포포 골프 클럽,18,2026-06-02,주중,오전,224109,147.81,False,False,https://www.monkeytravel.com/gu/ko/golf/guam-golf/product/product_detail.php?product_id=1076788720,,True
2026-05-24 22:07:05,소노펠리체CC 괌 탈로포포,golf_guam_talofofo,자사,몽키트래블,탈로포포 골프 클럽,18,2026-06-02,주중,오후,224109,147.81,False,False,https://www.monkeytravel.com/gu/ko/golf/guam-golf/product/product_detail.php?product_id=1076788720,,True
2026-05-24 22:07:07,소노펠리체CC 괌 탈로포포,golf_guam_talofofo,자사,몽키트래블,탈로포포 골프 클럽,18,2026-06-03,주중,오전,224109,147.81,False,False,https://www.monkeytravel.com/gu/ko/golf/guam-golf/product/product_detail.php?product_id=1076788720,,True
2026-05-24 22:07:07,소노펠리체CC 괌 탈로포포,golf_guam_talofofo,자사,몽키트래블,탈로포포 골프 클럽,18,2026-06-03,주중,오후,224109,147.81,False,False,https://www.monkeytravel.com/gu/ko/golf/guam-golf/product/product_detail.php?product_id=1076788720,,True
2026-05-24 22:07:09,소노펠리체CC 괌 탈로포포,golf_guam_talofofo,자사,몽키트래블,탈로포포 골프 클럽,18,2026-06-04,주중,오전,224109,147.81,False,False,https://www.monkeytravel.com/gu/ko/golf/guam-golf/product/product_detail.php?product_id=1076788720,,True
2026-05-24 22:07:09,소노펠리체CC 괌 탈로포포,golf_guam_talofofo,자사,몽키트래블,탈로포포 골프 클럽,18,2026-06-04,주중,오후,224109,147.81,False,False,https://www.monkeytravel.com/gu/ko/golf/guam-golf/product/product_detail.php?product_id=1076788720,,True
2026-05-24 22:07:11,소노펠리체CC 괌 탈로포포,golf_guam_talofofo,자사,몽키트래블,탈로포포 골프 클럽,18,2026-06-05,주중,오전,224109,147.81,False,False,https://www.monkeytravel.com/gu/ko/golf/guam-golf/product/product_detail.php?product_id=1076788720,,True
2026-05-24 22:07:11,소노펠리체CC 괌 탈로포포,golf_guam_talofofo,자사,몽키트래블,탈로포포 골프 클럽,18,2026-06-05,주중,오후,224109,147.81,False,False,https://www.monkeytravel.com/gu/ko/golf/guam-golf/product/product_detail.php?product_id=1076788720,,True
2026-05-24 22:07:13,소노펠리체CC 괌 탈로포포,golf_guam_talofofo,자사,몽키트래블,탈로포포 골프 클럽,18,2026-06-06,주말,오전,224109,147.81,False,False,https://www.monkeytravel.com/gu/ko/golf/guam-golf/product/product_detail.php?product_id=1076788720,,True
2026-05-24 22:07:15,소노펠리체CC 괌 탈로포포,golf_guam_talofofo,자사,몽키트래블,탈로포포 골프 클럽,18,2026-06-07,주말,오전,224109,147.81,False,False,https://www.monkeytravel.com/gu/ko/golf/guam-golf/product/product_detail.php?product_id=1076788720,,True
2026-05-24 22:07:17,소노펠리체CC 괌 탈로포포,golf_guam_talofofo,자사,AGL,탈로포포 골프 클럽,18,,,,0,0.0,False,False,https://www.tigerbooking.com/ko/golf-course/teetime/1/GU,prod_id_not_found:TOGU0006,True
2026-05-24 22:07:19,소노펠리체CC 괌 탈로포포,golf_guam_talofofo,자사,KKday,탈로포포 골프 클럽,18,2026-05-24,주말,최저가,229263,151.21,False,False,https://www.kkday.com/en/product/156016,,True
2026-05-24 22:07:19,소노펠리체CC 괌 탈로포포,golf_guam_talofofo,레오팔레스 리조트 CC,몽키트래블,레오팔레스 리조트 CC,18,2026-05-25,주중,오전,177741,117.23,True,False,https://www.monkeytravel.com/gu/ko/golf/guam-golf/product/product_detail.php?product_id=1076788717,,False
2026-05-24 22:07:19,소노펠리체CC 괌 탈로포포,golf_guam_talofofo,레오팔레스 리조트 CC,몽키트래블,레오팔레스 리조트 CC,18,2026-05-25,주중,오후,177741,117.23,True,False,https://www.monkeytravel.com/gu/ko/golf/guam-golf/product/product_detail.php?product_id=1076788717,,False
2026-05-24 22:07:21,소노펠리체CC 괌 탈로포포,golf_guam_talofofo,레오팔레스 리조트 CC,몽키트래블,레오팔레스 리조트 CC,18,2026-05-26,주중,오전,177741,117.23,True,False,https://www.monkeytravel.com/gu/ko/golf/guam-golf/product/product_detail.php?product_id=1076788717,,False
2026-05-24 22:07:21,소노펠리체CC 괌 탈로포포,golf_guam_talofofo,레오팔레스 리조트 CC,몽키트래블,레오팔레스 리조트 CC,18,2026-05-26,주중,오후,177741,117.23,True,False,https://www.monkeytravel.com/gu/ko/golf/guam-golf/product/product_detail.php?product_id=1076788717,,False
2026-05-24 22:07:23,소노펠리체CC 괌 탈로포포,golf_guam_talofofo,레오팔레스 리조트 CC,몽키트래블,레오팔레스 리조트 CC,18,2026-05-27,주중,오전,177741,117.23,True,False,https://www.monkeytravel.com/gu/ko/golf/guam-golf/product/product_detail.php?product_id=1076788717,,False
2026-05-24 22:07:23,소노펠리체CC 괌 탈로포포,golf_guam_talofofo,레오팔레스 리조트 CC,몽키트래블,레오팔레스 리조트 CC,18,2026-05-27,주중,오후,177741,117.23,True,False,https://www.monkeytravel.com/gu/ko/golf/guam-golf/product/product_detail.php?product_id=1076788717,,False
2026-05-24 22:07:25,소노펠리체CC 괌 탈로포포,golf_guam_talofofo,레오팔레스 리조트 CC,몽키트래블,레오팔레스 리조트 CC,18,2026-05-28,주중,오전,177741,117.23,True,False,https://www.monkeytravel.com/gu/ko/golf/guam-golf/product/product_detail.php?product_id=1076788717,,False
2026-05-24 22:07:25,소노펠리체CC 괌 탈로포포,golf_guam_talofofo,레오팔레스 리조트 CC,몽키트래블,레오팔레스 리조트 CC,18,2026-05-28,주중,오후,177741,117.23,True,False,https://www.monkeytravel.com/gu/ko/golf/guam-golf/product/product_detail.php?product_id=1076788717,,False
2026-05-24 22:07:27,소노펠리체CC 괌 탈로포포,golf_guam_talofofo,레오팔레스 리조트 CC,몽키트래블,레오팔레스 리조트 CC,18,2026-05-29,주중,오전,177741,117.23,True,False,https://www.monkeytravel.com/gu/ko/golf/guam-golf/product/product_detail.php?product_id=1076788717,,False
2026-05-24 22:07:27,소노펠리체CC 괌 탈로포포,golf_guam_talofofo,레오팔레스 리조트 CC,몽키트래블,레오팔레스 리조트 CC,18,2026-05-29,주중,오후,177741,117.23,True,False,https://www.monkeytravel.com/gu/ko/golf/guam-golf/product/product_detail.php?product_id=1076788717,,False
2026-05-24 22:07:29,소노펠리체CC 괌 탈로포포,golf_guam_talofofo,레오팔레스 리조트 CC,몽키트래블,레오팔레스 리조트 CC,18,2026-05-30,주말,오전,177741,117.23,True,False,https://www.monkeytravel.com/gu/ko/golf/guam-golf/product/product_detail.php?product_id=1076788717,,False
2026-05-24 22:07:29,소노펠리체CC 괌 탈로포포,golf_guam_talofofo,레오팔레스 리조트 CC,몽키트래블,레오팔레스 리조트 CC,18,2026-05-30,주말,오후,177741,117.23,True,False,https://www.monkeytravel.com/gu/ko/golf/guam-golf/product/product_detail.php?product_id=1076788717,,False
2026-05-24 22:07:31,소노펠리체CC 괌 탈로포포,golf_guam_talofofo,레오팔레스 리조트 CC,몽키트래블,레오팔레스 리조트 CC,18,2026-05-31,주말,오전,177741,117.23,True,False,https://www.monkeytravel.com/gu/ko/golf/guam-golf/product/product_detail.php?product_id=1076788717,,False
2026-05-24 22:07:31,소노펠리체CC 괌 탈로포포,golf_guam_talofofo,레오팔레스 리조트 CC,몽키트래블,레오팔레스 리조트 CC,18,2026-05-31,주말,오후,177741,117.23,True,False,https://www.monkeytravel.com/gu/ko/golf/guam-golf/product/product_detail.php?product_id=1076788717,,False
2026-05-24 22:07:33,소노펠리체CC 괌 탈로포포,golf_guam_talofofo,레오팔레스 리조트 CC,몽키트래블,레오팔레스 리조트 CC,18,2026-06-01,주중,오전,177741,117.23,True,False,https://www.monkeytravel.com/gu/ko/golf/guam-golf/product/product_detail.php?product_id=1076788717,,False
2026-05-24 22:07:33,소노펠리체CC 괌 탈로포포,golf_guam_talofofo,레오팔레스 리조트 CC,몽키트래블,레오팔레스 리조트 CC,18,2026-06-01,주중,오후,177741,117.23,True,False,https://www.monkeytravel.com/gu/ko/golf/guam-golf/product/product_detail.php?product_id=1076788717,,False
2026-05-24 22:07:35,소노펠리체CC 괌 탈로포포,golf_guam_talofofo,레오팔레스 리조트 CC,몽키트래블,레오팔레스 리조트 CC,18,2026-06-02,주중,오전,177741,117.23,True,False,https://www.monkeytravel.com/gu/ko/golf/guam-golf/product/product_detail.php?product_id=1076788717,,False
2026-05-24 22:07:35,소노펠리체CC 괌 탈로포포,golf_guam_talofofo,레오팔레스 리조트 CC,몽키트래블,레오팔레스 리조트 CC,18,2026-06-02,주중,오후,177741,117.23,True,False,https://www.monkeytravel.com/gu/ko/golf/guam-golf/product/product_detail.php?product_id=1076788717,,False
2026-05-24 22:07:37,소노펠리체CC 괌 탈로포포,golf_guam_talofofo,레오팔레스 리조트 CC,몽키트래블,레오팔레스 리조트 CC,18,2026-06-03,주중,오전,177741,117.23,True,False,https://www.monkeytravel.com/gu/ko/golf/guam-golf/product/product_detail.php?product_id=1076788717,,False
2026-05-24 22:07:37,소노펠리체CC 괌 탈로포포,golf_guam_talofofo,레오팔레스 리조트 CC,몽키트래블,레오팔레스 리조트 CC,18,2026-06-03,주중,오후,177741,117.23,True,False,https://www.monkeytravel.com/gu/ko/golf/guam-golf/product/product_detail.php?product_id=1076788717,,False
2026-05-24 22:07:39,소노펠리체CC 괌 탈로포포,golf_guam_talofofo,레오팔레스 리조트 CC,몽키트래블,레오팔레스 리조트 CC,18,2026-06-04,주중,오전,177741,117.23,True,False,https://www.monkeytravel.com/gu/ko/golf/guam-golf/product/product_detail.php?product_id=1076788717,,False
2026-05-24 22:07:39,소노펠리체CC 괌 탈로포포,golf_guam_talofofo,레오팔레스 리조트 CC,몽키트래블,레오팔레스 리조트 CC,18,2026-06-04,주중,오후,177741,117.23,True,False,https://www.monkeytravel.com/gu/ko/golf/guam-golf/product/product_detail.php?product_id=1076788717,,False
2026-05-24 22:07:41,소노펠리체CC 괌 탈로포포,golf_guam_talofofo,레오팔레스 리조트 CC,몽키트래블,레오팔레스 리조트 CC,18,2026-06-05,주중,오전,177741,117.23,True,False,https://www.monkeytravel.com/gu/ko/golf/guam-golf/product/product_detail.php?product_id=1076788717,,False
2026-05-24 22:07:41,소노펠리체CC 괌 탈로포포,golf_guam_talofofo,레오팔레스 리조트 CC,몽키트래블,레오팔레스 리조트 CC,18,2026-06-05,주중,오후,177741,117.23,True,False,https://www.monkeytravel.com/gu/ko/golf/guam-golf/product/product_detail.php?product_id=1076788717,,False
2026-05-24 22:07:43,소노펠리체CC 괌 탈로포포,golf_guam_talofofo,레오팔레스 리조트 CC,몽키트래블,레오팔레스 리조트 CC,18,2026-06-06,주말,오전,177741,117.23,True,False,https://www.monkeytravel.com/gu/ko/golf/guam-golf/product/product_detail.php?product_id=1076788717,,False
2026-05-24 22:07:43,소노펠리체CC 괌 탈로포포,golf_guam_talofofo,레오팔레스 리조트 CC,몽키트래블,레오팔레스 리조트 CC,18,2026-06-06,주말,오후,177741,117.23,True,False,https://www.monkeytravel.com/gu/ko/golf/guam-golf/product/product_detail.php?product_id=1076788717,,False
2026-05-24 22:07:45,소노펠리체CC 괌 탈로포포,golf_guam_talofofo,레오팔레스 리조트 CC,몽키트래블,레오팔레스 리조트 CC,18,2026-06-07,주말,오전,177741,117.23,True,False,https://www.monkeytravel.com/gu/ko/golf/guam-golf/product/product_detail.php?product_id=1076788717,,False
2026-05-24 22:07:45,소노펠리체CC 괌 탈로포포,golf_guam_talofofo,레오팔레스 리조트 CC,몽키트래블,레오팔레스 리조트 CC,18,2026-06-07,주말,오후,177741,117.23,True,False,https://www.monkeytravel.com/gu/ko/golf/guam-golf/product/product_detail.php?product_id=1076788717,,False
2026-05-24 22:07:47,소노펠리체CC 괌 탈로포포,golf_guam_talofofo,레오팔레스 리조트 CC,AGL,레오팔레스 리조트 CC,18,,,,0,0.0,False,False,https://www.tigerbooking.com/ko/golf-course/teetime/1/GU,prod_id_not_found:TOGU0001,False
2026-05-24 22:07:47,소노펠리체CC 괌 탈로포포,golf_guam_talofofo,CCP (컨트리 클럽 오브 더 퍼시픽),몽키트래블,CCP (컨트리 클럽 오브 더 퍼시픽),18,2026-05-25,주중,오전,173104,114.17,True,False,https://www.monkeytravel.com/gu/ko/golf/guam-golf/product/product_detail.php?product_id=1076788719,,False
2026-05-24 22:07:47,소노펠리체CC 괌 탈로포포,golf_guam_talofofo,CCP (컨트리 클럽 오브 더 퍼시픽),몽키트래블,CCP (컨트리 클럽 오브 더 퍼시픽),18,2026-05-25,주중,오후,173104,114.17,True,False,https://www.monkeytravel.com/gu/ko/golf/guam-golf/product/product_detail.php?product_id=1076788719,,False
2026-05-24 22:07:49,소노펠리체CC 괌 탈로포포,golf_guam_talofofo,CCP (컨트리 클럽 오브 더 퍼시픽),몽키트래블,CCP (컨트리 클럽 오브 더 퍼시픽),18,2026-05-26,주중,오전,173104,114.17,True,False,https://www.monkeytravel.com/gu/ko/golf/guam-golf/product/product_detail.php?product_id=1076788719,,False
2026-05-24 22:07:49,소노펠리체CC 괌 탈로포포,golf_guam_talofofo,CCP (컨트리 클럽 오브 더 퍼시픽),몽키트래블,CCP (컨트리 클럽 오브 더 퍼시픽),18,2026-05-26,주중,오후,173104,114.17,True,False,https://www.monkeytravel.com/gu/ko/golf/guam-golf/product/product_detail.php?product_id=1076788719,,False
2026-05-24 22:07:51,소노펠리체CC 괌 탈로포포,golf_guam_talofofo,CCP (컨트리 클럽 오브 더 퍼시픽),몽키트래블,CCP (컨트리 클럽 오브 더 퍼시픽),18,2026-05-27,주중,오전,173104,114.17,True,False,https://www.monkeytravel.com/gu/ko/golf/guam-golf/product/product_detail.php?product_id=1076788719,,False
2026-05-24 22:07:51,소노펠리체CC 괌 탈로포포,golf_guam_talofofo,CCP (컨트리 클럽 오브 더 퍼시픽),몽키트래블,CCP (컨트리 클럽 오브 더 퍼시픽),18,2026-05-27,주중,오후,173104,114.17,True,False,https://www.monkeytravel.com/gu/ko/golf/guam-golf/product/product_detail.php?product_id=1076788719,,False
2026-05-24 22:07:53,소노펠리체CC 괌 탈로포포,golf_guam_talofofo,CCP (컨트리 클럽 오브 더 퍼시픽),몽키트래블,CCP (컨트리 클럽 오브 더 퍼시픽),18,2026-05-28,주중,오전,173104,114.17,True,False,https://www.monkeytravel.com/gu/ko/golf/guam-golf/product/product_detail.php?product_id=1076788719,,False
2026-05-24 22:07:53,소노펠리체CC 괌 탈로포포,golf_guam_talofofo,CCP (컨트리 클럽 오브 더 퍼시픽),몽키트래블,CCP (컨트리 클럽 오브 더 퍼시픽),18,2026-05-28,주중,오후,173104,114.17,True,False,https://www.monkeytravel.com/gu/ko/golf/guam-golf/product/product_detail.php?product_id=1076788719,,False
2026-05-24 22:07:55,소노펠리체CC 괌 탈로포포,golf_guam_talofofo,CCP (컨트리 클럽 오브 더 퍼시픽),몽키트래블,CCP (컨트리 클럽 오브 더 퍼시픽),18,2026-05-29,주중,오전,173104,114.17,True,False,https://www.monkeytravel.com/gu/ko/golf/guam-golf/product/product_detail.php?product_id=1076788719,,False
2026-05-24 22:07:55,소노펠리체CC 괌 탈로포포,golf_guam_talofofo,CCP (컨트리 클럽 오브 더 퍼시픽),몽키트래블,CCP (컨트리 클럽 오브 더 퍼시픽),18,2026-05-29,주중,오후,173104,114.17,True,False,https://www.monkeytravel.com/gu/ko/golf/guam-golf/product/product_detail.php?product_id=1076788719,,False
2026-05-24 22:07:57,소노펠리체CC 괌 탈로포포,golf_guam_talofofo,CCP (컨트리 클럽 오브 더 퍼시픽),몽키트래블,CCP (컨트리 클럽 오브 더 퍼시픽),18,2026-05-30,주말,오전,173104,114.17,True,False,https://www.monkeytravel.com/gu/ko/golf/guam-golf/product/product_detail.php?product_id=1076788719,,False
2026-05-24 22:07:57,소노펠리체CC 괌 탈로포포,golf_guam_talofofo,CCP (컨트리 클럽 오브 더 퍼시픽),몽키트래블,CCP (컨트리 클럽 오브 더 퍼시픽),18,2026-05-30,주말,오후,173104,114.17,True,False,https://www.monkeytravel.com/gu/ko/golf/guam-golf/product/product_detail.php?product_id=1076788719,,False
2026-05-24 22:07:59,소노펠리체CC 괌 탈로포포,golf_guam_talofofo,CCP (컨트리 클럽 오브 더 퍼시픽),몽키트래블,CCP (컨트리 클럽 오브 더 퍼시픽),18,2026-05-31,주말,오전,173104,114.17,True,False,https://www.monkeytravel.com/gu/ko/golf/guam-golf/product/product_detail.php?product_id=1076788719,,False
2026-05-24 22:07:59,소노펠리체CC 괌 탈로포포,golf_guam_talofofo,CCP (컨트리 클럽 오브 더 퍼시픽),몽키트래블,CCP (컨트리 클럽 오브 더 퍼시픽),18,2026-05-31,주말,오후,173104,114.17,True,False,https://www.monkeytravel.com/gu/ko/golf/guam-golf/product/product_detail.php?product_id=1076788719,,False
2026-05-24 22:08:01,소노펠리체CC 괌 탈로포포,golf_guam_talofofo,CCP (컨트리 클럽 오브 더 퍼시픽),몽키트래블,CCP (컨트리 클럽 오브 더 퍼시픽),18,2026-06-01,주중,오전,173104,114.17,True,False,https://www.monkeytravel.com/gu/ko/golf/guam-golf/product/product_detail.php?product_id=1076788719,,False
2026-05-24 22:08:01,소노펠리체CC 괌 탈로포포,golf_guam_talofofo,CCP (컨트리 클럽 오브 더 퍼시픽),몽키트래블,CCP (컨트리 클럽 오브 더 퍼시픽),18,2026-06-01,주중,오후,173104,114.17,True,False,https://www.monkeytravel.com/gu/ko/golf/guam-golf/product/product_detail.php?product_id=1076788719,,False
2026-05-24 22:08:03,소노펠리체CC 괌 탈로포포,golf_guam_talofofo,CCP (컨트리 클럽 오브 더 퍼시픽),몽키트래블,CCP (컨트리 클럽 오브 더 퍼시픽),18,2026-06-02,주중,오전,173104,114.17,True,False,https://www.monkeytravel.com/gu/ko/golf/guam-golf/product/product_detail.php?product_id=1076788719,,False
2026-05-24 22:08:03,소노펠리체CC 괌 탈로포포,golf_guam_talofofo,CCP (컨트리 클럽 오브 더 퍼시픽),몽키트래블,CCP (컨트리 클럽 오브 더 퍼시픽),18,2026-06-02,주중,오후,173104,114.17,True,False,https://www.monkeytravel.com/gu/ko/golf/guam-golf/product/product_detail.php?product_id=1076788719,,False
2026-05-24 22:08:05,소노펠리체CC 괌 탈로포포,golf_guam_talofofo,CCP (컨트리 클럽 오브 더 퍼시픽),몽키트래블,CCP (컨트리 클럽 오브 더 퍼시픽),18,2026-06-03,주중,오전,173104,114.17,True,False,https://www.monkeytravel.com/gu/ko/golf/guam-golf/product/product_detail.php?product_id=1076788719,,False
2026-05-24 22:08:05,소노펠리체CC 괌 탈로포포,golf_guam_talofofo,CCP (컨트리 클럽 오브 더 퍼시픽),몽키트래블,CCP (컨트리 클럽 오브 더 퍼시픽),18,2026-06-03,주중,오후,173104,114.17,True,False,https://www.monkeytravel.com/gu/ko/golf/guam-golf/product/product_detail.php?product_id=1076788719,,False
2026-05-24 22:08:07,소노펠리체CC 괌 탈로포포,golf_guam_talofofo,CCP (컨트리 클럽 오브 더 퍼시픽),몽키트래블,CCP (컨트리 클럽 오브 더 퍼시픽),18,2026-06-04,주중,오전,173104,114.17,True,False,https://www.monkeytravel.com/gu/ko/golf/guam-golf/product/product_detail.php?product_id=1076788719,,False
2026-05-24 22:08:07,소노펠리체CC 괌 탈로포포,golf_guam_talofofo,CCP (컨트리 클럽 오브 더 퍼시픽),몽키트래블,CCP (컨트리 클럽 오브 더 퍼시픽),18,2026-06-04,주중,오후,173104,114.17,True,False,https://www.monkeytravel.com/gu/ko/golf/guam-golf/product/product_detail.php?product_id=1076788719,,False
2026-05-24 22:08:09,소노펠리체CC 괌 탈로포포,golf_guam_talofofo,CCP (컨트리 클럽 오브 더 퍼시픽),몽키트래블,CCP (컨트리 클럽 오브 더 퍼시픽),18,2026-06-05,주중,오전,173104,114.17,True,False,https://www.monkeytravel.com/gu/ko/golf/guam-golf/product/product_detail.php?product_id=1076788719,,False
2026-05-24 22:08:09,소노펠리체CC 괌 탈로포포,golf_guam_talofofo,CCP (컨트리 클럽 오브 더 퍼시픽),몽키트래블,CCP (컨트리 클럽 오브 더 퍼시픽),18,2026-06-05,주중,오후,173104,114.17,True,False,https://www.monkeytravel.com/gu/ko/golf/guam-golf/product/product_detail.php?product_id=1076788719,,False
2026-05-24 22:08:11,소노펠리체CC 괌 탈로포포,golf_guam_talofofo,CCP (컨트리 클럽 오브 더 퍼시픽),몽키트래블,CCP (컨트리 클럽 오브 더 퍼시픽),18,2026-06-06,주말,오전,173104,114.17,True,False,https://www.monkeytravel.com/gu/ko/golf/guam-golf/product/product_detail.php?product_id=1076788719,,False
2026-05-24 22:08:11,소노펠리체CC 괌 탈로포포,golf_guam_talofofo,CCP (컨트리 클럽 오브 더 퍼시픽),몽키트래블,CCP (컨트리 클럽 오브 더 퍼시픽),18,2026-06-06,주말,오후,173104,114.17,True,False,https://www.monkeytravel.com/gu/ko/golf/guam-golf/product/product_detail.php?product_id=1076788719,,False
2026-05-24 22:08:13,소노펠리체CC 괌 탈로포포,golf_guam_talofofo,CCP (컨트리 클럽 오브 더 퍼시픽),몽키트래블,CCP (컨트리 클럽 오브 더 퍼시픽),18,2026-06-07,주말,오전,173104,114.17,True,False,https://www.monkeytravel.com/gu/ko/golf/guam-golf/product/product_detail.php?product_id=1076788719,,False
2026-05-24 22:08:13,소노펠리체CC 괌 탈로포포,golf_guam_talofofo,CCP (컨트리 클럽 오브 더 퍼시픽),몽키트래블,CCP (컨트리 클럽 오브 더 퍼시픽),18,2026-06-07,주말,오후,173104,114.17,True,False,https://www.monkeytravel.com/gu/ko/golf/guam-golf/product/product_detail.php?product_id=1076788719,,False
2026-05-24 22:08:15,소노펠리체CC 괌 탈로포포,golf_guam_talofofo,CCP (컨트리 클럽 오브 더 퍼시픽),AGL,CCP (컨트리 클럽 오브 더 퍼시픽),18,,,,0,0.0,False,False,https://www.tigerbooking.com/ko/golf-course/teetime/1/GU,prod_id_not_found:TOGU0005,False
2026-05-24 22:08:15,소노펠리체CC 괌 탈로포포,golf_guam_talofofo,CCP (컨트리 클럽 오브 더 퍼시픽),KKday,CCP (컨트리 클럽 오브 더 퍼시픽),18,,,,0,0.0,False,False,https://www.kkday.com/en/product/156004,product_not_found_404,False
2026-05-24 22:08:15,소노펠리체CC 괌 탈로포포,golf_guam_talofofo,퍼시픽링스 괌 (GICC),몽키트래블,괌 인터내셔널 컨트리 클럽,18,,,,0,0.0,False,False,https://www.monkeytravel.com/gu/ko/golf/guam-golf/product/product_detail.php?product_id=1076788718,no_data,False
2026-05-24 22:08:17,소노펠리체CC 괌 탈로포포,golf_guam_talofofo,퍼시픽링스 괌 (GICC),몽키트래블,괌 인터내셔널 컨트리 클럽,18,,,,0,0.0,False,False,https://www.monkeytravel.com/gu/ko/golf/guam-golf/product/product_detail.php?product_id=1076788718,no_data,False
2026-05-24 22:08:19,소노펠리체CC 괌 탈로포포,golf_guam_talofofo,퍼시픽링스 괌 (GICC),몽키트래블,괌 인터내셔널 컨트리 클럽,18,,,,0,0.0,False,False,https://www.monkeytravel.com/gu/ko/golf/guam-golf/product/product_detail.php?product_id=1076788718,no_data,False
2026-05-24 22:08:21,소노펠리체CC 괌 탈로포포,golf_guam_talofofo,퍼시픽링스 괌 (GICC),몽키트래블,괌 인터내셔널 컨트리 클럽,18,,,,0,0.0,False,False,https://www.monkeytravel.com/gu/ko/golf/guam-golf/product/product_detail.php?product_id=1076788718,no_data,False
2026-05-24 22:08:23,소노펠리체CC 괌 탈로포포,golf_guam_talofofo,퍼시픽링스 괌 (GICC),몽키트래블,괌 인터내셔널 컨트리 클럽,18,,,,0,0.0,False,False,https://www.monkeytravel.com/gu/ko/golf/guam-golf/product/product_detail.php?product_id=1076788718,no_data,False
2026-05-24 22:08:25,소노펠리체CC 괌 탈로포포,golf_guam_talofofo,퍼시픽링스 괌 (GICC),몽키트래블,괌 인터내셔널 컨트리 클럽,18,,,,0,0.0,False,False,https://www.monkeytravel.com/gu/ko/golf/guam-golf/product/product_detail.php?product_id=1076788718,no_data,False
2026-05-24 22:08:27,소노펠리체CC 괌 탈로포포,golf_guam_talofofo,퍼시픽링스 괌 (GICC),몽키트래블,괌 인터내셔널 컨트리 클럽,18,,,,0,0.0,False,False,https://www.monkeytravel.com/gu/ko/golf/guam-golf/product/product_detail.php?product_id=1076788718,no_data,False
2026-05-24 22:08:29,소노펠리체CC 괌 탈로포포,golf_guam_talofofo,퍼시픽링스 괌 (GICC),몽키트래블,괌 인터내셔널 컨트리 클럽,18,,,,0,0.0,False,False,https://www.monkeytravel.com/gu/ko/golf/guam-golf/product/product_detail.php?product_id=1076788718,no_data,False
2026-05-24 22:08:31,소노펠리체CC 괌 탈로포포,golf_guam_talofofo,퍼시픽링스 괌 (GICC),몽키트래블,괌 인터내셔널 컨트리 클럽,18,,,,0,0.0,False,False,https://www.monkeytravel.com/gu/ko/golf/guam-golf/product/product_detail.php?product_id=1076788718,no_data,False
2026-05-24 22:08:33,소노펠리체CC 괌 탈로포포,golf_guam_talofofo,퍼시픽링스 괌 (GICC),몽키트래블,괌 인터내셔널 컨트리 클럽,18,,,,0,0.0,False,False,https://www.monkeytravel.com/gu/ko/golf/guam-golf/product/product_detail.php?product_id=1076788718,no_data,False
2026-05-24 22:08:35,소노펠리체CC 괌 탈로포포,golf_guam_talofofo,퍼시픽링스 괌 (GICC),몽키트래블,괌 인터내셔널 컨트리 클럽,18,,,,0,0.0,False,False,https://www.monkeytravel.com/gu/ko/golf/guam-golf/product/product_detail.php?product_id=1076788718,no_data,False
2026-05-24 22:08:37,소노펠리체CC 괌 탈로포포,golf_guam_talofofo,퍼시픽링스 괌 (GICC),몽키트래블,괌 인터내셔널 컨트리 클럽,18,,,,0,0.0,False,False,https://www.monkeytravel.com/gu/ko/golf/guam-golf/product/product_detail.php?product_id=1076788718,no_data,False
2026-05-24 22:08:39,소노펠리체CC 괌 탈로포포,golf_guam_talofofo,퍼시픽링스 괌 (GICC),몽키트래블,괌 인터내셔널 컨트리 클럽,18,,,,0,0.0,False,False,https://www.monkeytravel.com/gu/ko/golf/guam-golf/product/product_detail.php?product_id=1076788718,no_data,False
2026-05-24 22:08:41,소노펠리체CC 괌 탈로포포,golf_guam_talofofo,퍼시픽링스 괌 (GICC),몽키트래블,괌 인터내셔널 컨트리 클럽,18,,,,0,0.0,False,False,https://www.monkeytravel.com/gu/ko/golf/guam-golf/product/product_detail.php?product_id=1076788718,no_data,False
2026-05-24 22:08:42,소노펠리체CC 괌 탈로포포,golf_guam_talofofo,퍼시픽링스 괌 (GICC),AGL,괌 인터내셔널 컨트리 클럽,18,,,,0,0.0,False,False,https://www.tigerbooking.com/ko/golf-course/teetime/1/GU,prod_id_not_found:QOGU0002,False
